stage,machine,end,label,start
Assembling,Assembling_Machine3,132.13177753605336,breakdown,124.13177753605336
Assembling,Assembling_Machine3,200,idle,132.13177753605336
Assembling,Assembling_Machine4,130.78467483330803,breakdown,122.78467483330802
Assembling,Assembling_Machine4,200,idle,130.78467483330803
Cutting,Cutting_Machine1,6.099999999999994,waiting_worker,6.0499999999999865
Cutting,Cutting_Machine1,6.7993006993006935,setup,6.099999999999994
Cutting,Cutting_Machine1,8.899061840506432,running,6.7993006993006935
Cutting,Cutting_Machine1,9.691954054253545,setup,8.899061840506432
Cutting,Cutting_Machine1,10.589781939382291,idle,9.691954054253545
Cutting,Cutting_Machine1,10.50036877069703,calendar_off,10.000368770697023
Cutting,Cutting_Machine1,10.500981361199926,calendar_off,10.00098136119992
Cutting,Cutting_Machine1,10.501568558155968,calendar_off,10.001568558155961
Cutting,Cutting_Machine1,10.501585654852851,calendar_off,10.001585654852844
Cutting,Cutting_Machine1,10.50184511258617,calendar_off,10.001845112586162
Cutting,Cutting_Machine1,10.502033927237036,calendar_off,10.00203392723703
Cutting,Cutting_Machine1,10.502162962156795,calendar_off,10.002162962156788
Cutting,Cutting_Machine1,10.502448307270663,calendar_off,10.002448307270656
Cutting,Cutting_Machine1,10.50251539584256,calendar_off,10.002515395842552
Cutting,Cutting_Machine1,10.503072178682036,calendar_off,10.003072178682029
Cutting,Cutting_Machine1,10.503442230015121,calendar_off,10.003442230015114
Cutting,Cutting_Machine1,10.503704692518667,calendar_off,10.00370469251866
Cutting,Cutting_Machine1,11.034796393041463,idle,10.589781939382291
Cutting,Cutting_Machine1,11.04575678014846,waiting_worker,11.034796393041463
Cutting,Cutting_Machine1,11.099999999999977,idle,11.04575678014846
Cutting,Cutting_Machine1,11.106265597611735,setup,11.099999999999977
Cutting,Cutting_Machine1,11.949460892649812,idle,11.106265597611735
Cutting,Cutting_Machine1,11.999999999999973,waiting_worker,11.949460892649812
Cutting,Cutting_Machine1,12.004939419624742,setup,11.999999999999973
Cutting,Cutting_Machine1,12.099999999999973,waiting_worker,12.004939419624742
Cutting,Cutting_Machine1,12.334060057589445,setup,12.099999999999973
Cutting,Cutting_Machine1,12.629100327824025,running,12.334060057589445
Cutting,Cutting_Machine1,12.69999999999997,waiting_worker,12.629100327824025
Cutting,Cutting_Machine1,14.654308569634345,running,12.69999999999997
Cutting,Cutting_Machine1,16.194794883483887,setup,14.654308569634345
Cutting,Cutting_Machine1,30.899148535382547,idle,16.194794883483887
Cutting,Cutting_Machine1,30.90000000000017,waiting_worker,30.899148535382547
Cutting,Cutting_Machine1,31.110117552562947,setup,30.90000000000017
Cutting,Cutting_Machine1,31.200000000000173,waiting_worker,31.110117552562947
Cutting,Cutting_Machine1,32.20624092888261,setup,31.200000000000173
Cutting,Cutting_Machine1,33.88807392025208,running,32.20624092888261
Cutting,Cutting_Machine1,33.90000000000021,waiting_worker,33.88807392025208
Cutting,Cutting_Machine1,34.53698123489852,running,33.90000000000021
Cutting,Cutting_Machine1,34.50182291666685,calendar_off,34.00182291666688
Cutting,Cutting_Machine1,34.50337634554925,calendar_off,34.00337634554928
Cutting,Cutting_Machine1,34.50402879901976,calendar_off,34.004028799019785
Cutting,Cutting_Machine1,34.60000000000022,waiting_worker,34.53698123489852
Cutting,Cutting_Machine1,34.650150059795614,running,34.60000000000022
Cutting,Cutting_Machine1,34.70000000000022,waiting_worker,34.650150059795614
Cutting,Cutting_Machine1,34.70776539792414,running,34.70000000000022
Cutting,Cutting_Machine1,34.800000000000225,waiting_worker,34.70776539792414
Cutting,Cutting_Machine1,34.81211889460958,running,34.800000000000225
Cutting,Cutting_Machine1,34.900000000000226,waiting_worker,34.81211889460958
Cutting,Cutting_Machine1,34.90233369312263,running,34.900000000000226
Cutting,Cutting_Machine1,34.93382844651012,setup,34.90233369312263
Cutting,Cutting_Machine1,35.00000000000023,waiting_worker,34.93382844651012
Cutting,Cutting_Machine1,35.655164778926846,running,35.00000000000023
Cutting,Cutting_Machine1,35.70000000000024,waiting_worker,35.655164778926846
Cutting,Cutting_Machine1,36.083497433698376,running,35.70000000000024
Cutting,Cutting_Machine1,36.66521719506114,idle,36.083497433698376
Cutting,Cutting_Machine1,36.70000000000025,waiting_worker,36.66521719506114
Cutting,Cutting_Machine1,36.705188442827954,running,36.70000000000025
Cutting,Cutting_Machine1,36.80000000000025,waiting_worker,36.705188442827954
Cutting,Cutting_Machine1,37.12112978131422,setup,36.80000000000025
Cutting,Cutting_Machine1,37.20000000000026,waiting_worker,37.12112978131422
Cutting,Cutting_Machine1,37.581356905665025,running,37.20000000000026
Cutting,Cutting_Machine1,37.752512080170554,setup,37.581356905665025
Cutting,Cutting_Machine1,37.80000000000027,waiting_worker,37.752512080170554
Cutting,Cutting_Machine1,37.99228728425046,running,37.80000000000027
Cutting,Cutting_Machine1,38.03668326003035,setup,37.99228728425046
Cutting,Cutting_Machine1,38.123711347243066,idle,38.03668326003035
Cutting,Cutting_Machine1,38.127422897508815,waiting_worker,38.123711347243066
Cutting,Cutting_Machine1,38.241207181969536,setup,38.127422897508815
Cutting,Cutting_Machine1,38.267064404127595,waiting_worker,38.241207181969536
Cutting,Cutting_Machine1,38.36383491834253,running,38.267064404127595
Cutting,Cutting_Machine1,38.55722375500142,setup,38.36383491834253
Cutting,Cutting_Machine1,38.96568075550871,idle,38.55722375500142
Cutting,Cutting_Machine1,39.11990134851339,setup,38.96568075550871
Cutting,Cutting_Machine1,40.04343124001502,idle,39.11990134851339
Cutting,Cutting_Machine1,40.09030895917335,running,40.04343124001502
Cutting,Cutting_Machine1,40.571350562456395,setup,40.09030895917335
Cutting,Cutting_Machine1,40.6531818624754,idle,40.571350562456395
Cutting,Cutting_Machine1,40.66371789924906,waiting_worker,40.6531818624754
Cutting,Cutting_Machine1,40.70000000000031,setup,40.66371789924906
Cutting,Cutting_Machine1,40.87613981537961,running,40.70000000000031
Cutting,Cutting_Machine1,41.04634325612228,setup,40.87613981537961
Cutting,Cutting_Machine1,41.094854424003714,idle,41.04634325612228
Cutting,Cutting_Machine1,41.44596651384354,setup,41.094854424003714
Cutting,Cutting_Machine1,41.50000000000032,waiting_worker,41.44596651384354
Cutting,Cutting_Machine1,41.52231701516603,running,41.50000000000032
Cutting,Cutting_Machine1,41.8822144508481,setup,41.52231701516603
Cutting,Cutting_Machine1,41.900000000000325,waiting_worker,41.8822144508481
Cutting,Cutting_Machine1,41.916960579205956,running,41.900000000000325
Cutting,Cutting_Machine1,42.00000000000033,waiting_worker,41.916960579205956
Cutting,Cutting_Machine1,42.5000000000003,calendar_off,42.00000000000033
Cutting,Cutting_Machine1,42.54256116596494,running,42.00000000000033
Cutting,Cutting_Machine1,42.50026041666696,calendar_off,42.00026041666699
Cutting,Cutting_Machine1,42.50072290668166,calendar_off,42.00072290668169
Cutting,Cutting_Machine1,42.50104166666695,calendar_off,42.00104166666698
Cutting,Cutting_Machine1,42.501364840670355,calendar_off,42.001364840670384
Cutting,Cutting_Machine1,42.50140023204625,calendar_off,42.00140023204628
Cutting,Cutting_Machine1,42.50182291666697,calendar_off,42.001822916666995
Cutting,Cutting_Machine1,42.50248516239595,calendar_off,42.00248516239598
Cutting,Cutting_Machine1,42.50304618183267,calendar_off,42.0030461818327
Cutting,Cutting_Machine1,42.50375028912836,calendar_off,42.00375028912839
Cutting,Cutting_Machine1,43.2782341469884,idle,42.54256116596494
Cutting,Cutting_Machine1,44.08570552894418,setup,43.2782341469884
Cutting,Cutting_Machine1,44.73902306726907,idle,44.08570552894418
Cutting,Cutting_Machine1,44.80729649789468,setup,44.73902306726907
Cutting,Cutting_Machine1,45.12326062149354,idle,44.80729649789468
Cutting,Cutting_Machine1,45.287525168303475,setup,45.12326062149354
Cutting,Cutting_Machine1,45.95111795549542,idle,45.287525168303475
Cutting,Cutting_Machine1,54.39201271848915,setup,45.95111795549542
Cutting,Cutting_Machine1,54.00100223393529,calendar_off,46.00100223393574
Cutting,Cutting_Machine1,54.002159622161635,calendar_off,46.00215962216209
Cutting,Cutting_Machine1,54.00242728815976,calendar_off,46.00242728816021
Cutting,Cutting_Machine1,60.95426783316568,idle,54.39201271848915
Cutting,Cutting_Machine1,61.0000000000006,waiting_worker,60.95426783316568
Cutting,Cutting_Machine1,61.90059203370458,setup,61.0000000000006
Cutting,Cutting_Machine1,62.00000000000061,waiting_worker,61.90059203370458
Cutting,Cutting_Machine1,62.22103733983466,setup,62.00000000000061
Cutting,Cutting_Machine1,62.300000000000615,waiting_worker,62.22103733983466
Cutting,Cutting_Machine1,62.468082365915095,setup,62.300000000000615
Cutting,Cutting_Machine1,62.50000000000062,waiting_worker,62.468082365915095
Cutting,Cutting_Machine1,63.76047728495342,setup,62.50000000000062
Cutting,Cutting_Machine1,63.90550469324985,running,63.76047728495342
Cutting,Cutting_Machine1,63.96174413821532,waiting_worker,63.90550469324985
Cutting,Cutting_Machine1,64.23368836334913,running,63.96174413821532
Cutting,Cutting_Machine1,64.30000000000062,waiting_worker,64.23368836334913
Cutting,Cutting_Machine1,64.41235694451309,running,64.30000000000062
Cutting,Cutting_Machine1,64.50000000000061,waiting_worker,64.41235694451309
Cutting,Cutting_Machine1,65.15761038229242,running,64.50000000000061
Cutting,Cutting_Machine1,65.20000000000057,waiting_worker,65.15761038229242
Cutting,Cutting_Machine1,65.34271563254627,running,65.20000000000057
Cutting,Cutting_Machine1,65.40000000000056,waiting_worker,65.34271563254627
Cutting,Cutting_Machine1,65.41704835485969,running,65.40000000000056
Cutting,Cutting_Machine1,65.50000000000055,waiting_worker,65.41704835485969
Cutting,Cutting_Machine1,67.4310910136252,running,65.50000000000055
Cutting,Cutting_Machine1,66.50026041666719,calendar_off,66.00026041666722
Cutting,Cutting_Machine1,66.50026041666725,calendar_off,66.00026041666727
Cutting,Cutting_Machine1,66.50026041666727,calendar_off,66.0002604166673
Cutting,Cutting_Machine1,66.5010416666672,calendar_off,66.00104166666723
Cutting,Cutting_Machine1,66.50106705488196,calendar_off,66.00106705488199
Cutting,Cutting_Machine1,66.50147169468718,calendar_off,66.00147169468721
Cutting,Cutting_Machine1,66.5018229166672,calendar_off,66.00182291666722
Cutting,Cutting_Machine1,66.50292520162006,calendar_off,66.00292520162009
Cutting,Cutting_Machine1,66.50338541666726,calendar_off,66.00338541666729
Cutting,Cutting_Machine1,66.50395736314718,calendar_off,66.00395736314721
Cutting,Cutting_Machine1,67.50000000000044,waiting_worker,67.4310910136252
Cutting,Cutting_Machine1,67.50556835624046,setup,67.50000000000044
Cutting,Cutting_Machine1,67.60000000000043,waiting_worker,67.50556835624046
Cutting,Cutting_Machine1,67.84860680641357,running,67.60000000000043
Cutting,Cutting_Machine1,68.06886611212971,setup,67.84860680641357
Cutting,Cutting_Machine1,68.1000000000004,waiting_worker,68.06886611212971
Cutting,Cutting_Machine1,68.15842486353586,setup,68.1000000000004
Cutting,Cutting_Machine1,68.3000000000004,waiting_worker,68.15842486353586
Cutting,Cutting_Machine1,69.11875161875206,setup,68.3000000000004
Cutting,Cutting_Machine1,69.21742199021334,running,69.11875161875206
Cutting,Cutting_Machine1,69.2182390140123,idle,69.21742199021334
Cutting,Cutting_Machine1,69.52925257721947,setup,69.2182390140123
Cutting,Cutting_Machine1,69.62343728689218,idle,69.52925257721947
Cutting,Cutting_Machine1,69.70000000000032,waiting_worker,69.62343728689218
Cutting,Cutting_Machine1,69.81446793180942,running,69.70000000000032
Cutting,Cutting_Machine1,69.9843913438367,setup,69.81446793180942
Cutting,Cutting_Machine1,70.0000000000003,waiting_worker,69.9843913438367
Cutting,Cutting_Machine1,78.04999999999984,calendar_off,70.0000000000003
Cutting,Cutting_Machine1,78.13704518790153,running,70.0000000000003
Cutting,Cutting_Machine1,78.00031152981339,calendar_off,70.00031152981384
Cutting,Cutting_Machine1,78.00104166666652,calendar_off,70.00104166666698
Cutting,Cutting_Machine1,78.00132747154817,calendar_off,70.00132747154862
Cutting,Cutting_Machine1,78.00169982079395,calendar_off,70.0016998207944
Cutting,Cutting_Machine1,78.00173211135339,calendar_off,70.00173211135385
Cutting,Cutting_Machine1,78.00182453541827,calendar_off,70.00182453541872
Cutting,Cutting_Machine1,78.0020833333334,calendar_off,70.00208333333386
Cutting,Cutting_Machine1,78.00222834847563,calendar_off,70.00222834847608
Cutting,Cutting_Machine1,78.00260416666661,calendar_off,70.00260416666707
Cutting,Cutting_Machine1,78.00260416666664,calendar_off,70.0026041666671
Cutting,Cutting_Machine1,78.00327915768084,calendar_off,70.00327915768129
Cutting,Cutting_Machine1,78.00334561021995,calendar_off,70.0033456102204
Cutting,Cutting_Machine1,78.0036556806785,calendar_off,70.00365568067896
Cutting,Cutting_Machine1,78.383105022831,setup,78.13704518790153
Cutting,Cutting_Machine1,78.47020142085186,running,78.383105022831
Cutting,Cutting_Machine1,79.00122511751124,setup,78.47020142085186
Cutting,Cutting_Machine1,79.21279404363655,idle,79.00122511751124
Cutting,Cutting_Machine1,79.59528860231403,setup,79.21279404363655
Cutting,Cutting_Machine1,79.8334594182312,idle,79.59528860231403
Cutting,Cutting_Machine1,79.98440729745973,setup,79.8334594182312
Cutting,Cutting_Machine1,80.14627178884653,idle,79.98440729745973
Cutting,Cutting_Machine1,80.32066515040015,setup,80.14627178884653
Cutting,Cutting_Machine1,80.37433598627373,idle,80.32066515040015
Cutting,Cutting_Machine1,80.41405106492545,setup,80.37433598627373
Cutting,Cutting_Machine1,80.5999999999997,waiting_worker,80.41405106492545
Cutting,Cutting_Machine1,80.76598663856059,running,80.5999999999997
Cutting,Cutting_Machine1,82.63644909926832,idle,80.76598663856059
Cutting,Cutting_Machine1,82.50260416666633,calendar_off,82.00260416666636
Cutting,Cutting_Machine1,82.50260416666633,calendar_off,82.00260416666636
Cutting,Cutting_Machine1,82.50301764848483,calendar_off,82.00301764848486
Cutting,Cutting_Machine1,82.5031602174372,calendar_off,82.00316021743723
Cutting,Cutting_Machine1,82.50408573996484,calendar_off,82.00408573996486
Cutting,Cutting_Machine1,82.5041221814811,calendar_off,82.00412218148112
Cutting,Cutting_Machine1,82.66771070684376,setup,82.63644909926832
Cutting,Cutting_Machine1,82.92691039004504,idle,82.66771070684376
Cutting,Cutting_Machine1,84.04074860462113,running,82.92691039004504
Cutting,Cutting_Machine1,84.62478904218858,setup,84.04074860462113
Cutting,Cutting_Machine1,84.69999999999946,waiting_worker,84.62478904218858
Cutting,Cutting_Machine1,85.09022923441431,setup,84.69999999999946
Cutting,Cutting_Machine1,86.62554557124464,idle,85.09022923441431
Cutting,Cutting_Machine1,86.79681216700865,running,86.62554557124464
Cutting,Cutting_Machine1,88.1531547117574,setup,86.79681216700865
Cutting,Cutting_Machine1,89.45838060880594,idle,88.1531547117574
Cutting,Cutting_Machine1,89.59927732470014,setup,89.45838060880594
Cutting,Cutting_Machine1,89.59999999999918,waiting_worker,89.59927732470014
Cutting,Cutting_Machine1,91.15710723307012,setup,89.59999999999918
Cutting,Cutting_Machine1,90.50160977547257,calendar_off,90.0016097754726
Cutting,Cutting_Machine1,90.50260416666582,calendar_off,90.00260416666585
Cutting,Cutting_Machine1,91.1999999999991,waiting_worker,91.15710723307012
Cutting,Cutting_Machine1,91.61528338880922,setup,91.1999999999991
Cutting,Cutting_Machine1,92.61748251748168,idle,91.61528338880922
Cutting,Cutting_Machine1,104.17367031720823,running,92.61748251748168
Cutting,Cutting_Machine1,102.00055543414788,calendar_off,94.00055543414834
Cutting,Cutting_Machine1,102.00204080443562,calendar_off,94.00204080443608
Cutting,Cutting_Machine1,104.3233710491813,setup,104.17367031720823
Cutting,Cutting_Machine1,104.39999999999834,waiting_worker,104.3233710491813
Cutting,Cutting_Machine1,104.77658779166046,setup,104.39999999999834
Cutting,Cutting_Machine1,104.79999999999832,waiting_worker,104.77658779166046
Cutting,Cutting_Machine1,104.92220554593645,running,104.79999999999832
Cutting,Cutting_Machine1,104.99999999999831,waiting_worker,104.92220554593645
Cutting,Cutting_Machine1,105.22269575507707,running,104.99999999999831
Cutting,Cutting_Machine1,105.26773874303453,waiting_worker,105.22269575507707
Cutting,Cutting_Machine1,105.29999999999829,idle,105.26773874303453
Cutting,Cutting_Machine1,105.51607142856977,setup,105.29999999999829
Cutting,Cutting_Machine1,105.66273727645094,running,105.51607142856977
Cutting,Cutting_Machine1,105.69999999999827,waiting_worker,105.66273727645094
Cutting,Cutting_Machine1,107.00309802447181,setup,105.69999999999827
Cutting,Cutting_Machine1,106.50070684523641,calendar_off,106.00070684523644
Cutting,Cutting_Machine1,106.5010416666649,calendar_off,106.00104166666493
Cutting,Cutting_Machine1,106.5010416666649,calendar_off,106.00104166666493
Cutting,Cutting_Machine1,106.5013207082266,calendar_off,106.00132070822663
Cutting,Cutting_Machine1,106.50338541666493,calendar_off,106.00338541666495
Cutting,Cutting_Machine1,106.50338541666495,calendar_off,106.00338541666498
Cutting,Cutting_Machine1,106.50416666666494,calendar_off,106.00416666666497
Cutting,Cutting_Machine1,106.50416666666494,calendar_off,106.00416666666497
Cutting,Cutting_Machine1,107.09999999999819,waiting_worker,107.00309802447181
Cutting,Cutting_Machine1,107.23532680347878,setup,107.09999999999819
Cutting,Cutting_Machine1,107.29114261287776,waiting_worker,107.23532680347878
Cutting,Cutting_Machine1,107.29999999999818,running,107.29114261287776
Cutting,Cutting_Machine1,107.40183732348288,setup,107.29999999999818
Cutting,Cutting_Machine1,107.49999999999817,waiting_worker,107.40183732348288
Cutting,Cutting_Machine1,108.10278067437247,running,107.49999999999817
Cutting,Cutting_Machine1,108.19130586693926,setup,108.10278067437247
Cutting,Cutting_Machine1,108.40817323322564,idle,108.19130586693926
Cutting,Cutting_Machine1,108.59393536374341,setup,108.40817323322564
Cutting,Cutting_Machine1,108.73607811592181,running,108.59393536374341
Cutting,Cutting_Machine1,108.93647659635883,setup,108.73607811592181
Cutting,Cutting_Machine1,109.2951219512177,idle,108.93647659635883
Cutting,Cutting_Machine1,109.62170635303926,running,109.2951219512177
Cutting,Cutting_Machine1,109.62438016528743,idle,109.62170635303926
Cutting,Cutting_Machine1,109.65759289274254,running,109.62438016528743
Cutting,Cutting_Machine1,109.69221405027406,idle,109.65759289274254
Cutting,Cutting_Machine1,110.33017267249407,setup,109.69221405027406
Cutting,Cutting_Machine1,110.74454882801632,idle,110.33017267249407
Cutting,Cutting_Machine1,110.82919353960172,setup,110.74454882801632
Cutting,Cutting_Machine1,110.88642043042394,waiting_worker,110.82919353960172
Cutting,Cutting_Machine1,110.89999999999797,idle,110.88642043042394
Cutting,Cutting_Machine1,111.31732661549695,setup,110.89999999999797
Cutting,Cutting_Machine1,111.39999999999795,waiting_worker,111.31732661549695
Cutting,Cutting_Machine1,112.14510716417814,setup,111.39999999999795
Cutting,Cutting_Machine1,112.1999999999979,waiting_worker,112.14510716417814
Cutting,Cutting_Machine1,112.21302521008201,setup,112.1999999999979
Cutting,Cutting_Machine1,112.23549022521345,running,112.21302521008201
Cutting,Cutting_Machine1,112.2999999999979,waiting_worker,112.23549022521345
Cutting,Cutting_Machine1,112.8230132679019,running,112.2999999999979
Cutting,Cutting_Machine1,112.87887814751784,setup,112.8230132679019
Cutting,Cutting_Machine1,112.88413781165043,idle,112.87887814751784
Cutting,Cutting_Machine1,112.89114261287745,setup,112.88413781165043
Cutting,Cutting_Machine1,113.00170621336464,running,112.89114261287745
Cutting,Cutting_Machine1,113.09999999999785,waiting_worker,113.00170621336464
Cutting,Cutting_Machine1,113.82431770875725,running,113.09999999999785
Cutting,Cutting_Machine1,114.60138167067856,setup,113.82431770875725
Cutting,Cutting_Machine1,114.50035937542388,calendar_off,114.00035937542391
Cutting,Cutting_Machine1,114.50077802954408,calendar_off,114.00077802954411
Cutting,Cutting_Machine1,114.50158572831707,calendar_off,114.0015857283171
Cutting,Cutting_Machine1,114.50234812674864,calendar_off,114.00234812674867
Cutting,Cutting_Machine1,114.50243435756028,calendar_off,114.0024343575603
Cutting,Cutting_Machine1,114.50260416666448,calendar_off,114.00260416666451
Cutting,Cutting_Machine1,114.50296118456853,calendar_off,114.00296118456856
Cutting,Cutting_Machine1,114.50338541666453,calendar_off,114.00338541666456
Cutting,Cutting_Machine1,114.50354683195407,calendar_off,114.0035468319541
Cutting,Cutting_Machine1,114.75023306266205,running,114.60138167067856
Cutting,Cutting_Machine1,115.09504495806131,setup,114.75023306266205
Cutting,Cutting_Machine1,115.09999999999773,waiting_worker,115.09504495806131
Cutting,Cutting_Machine1,115.59705179628632,running,115.09999999999773
Cutting,Cutting_Machine1,115.63536131206075,setup,115.59705179628632
Cutting,Cutting_Machine1,115.63656325156792,idle,115.63536131206075
Cutting,Cutting_Machine1,115.63817465444254,setup,115.63656325156792
Cutting,Cutting_Machine1,117.22918040423403,idle,115.63817465444254
Cutting,Cutting_Machine1,117.29999999999761,waiting_worker,117.22918040423403
Cutting,Cutting_Machine1,117.45194801379053,running,117.29999999999761
Cutting,Cutting_Machine1,117.59202601173719,idle,117.45194801379053
Cutting,Cutting_Machine1,117.59999999999759,waiting_worker,117.59202601173719
Cutting,Cutting_Machine1,126.40105176947769,setup,117.59999999999759
Cutting,Cutting_Machine1,126.00121140176759,calendar_off,118.00121140176805
Cutting,Cutting_Machine1,126.0026041666638,calendar_off,118.00260416666426
Cutting,Cutting_Machine1,126.00298165283459,calendar_off,118.00298165283505
Cutting,Cutting_Machine1,126.00308279687842,calendar_off,118.00308279687887
Cutting,Cutting_Machine1,126.00338541666382,calendar_off,118.00338541666427
Cutting,Cutting_Machine1,126.49999999999709,waiting_worker,126.40105176947769
Cutting,Cutting_Machine1,126.6842804122317,setup,126.49999999999709
Cutting,Cutting_Machine1,127.42691039004251,idle,126.6842804122317
Cutting,Cutting_Machine1,127.6697617454487,running,127.42691039004251
Cutting,Cutting_Machine1,127.94481380547569,idle,127.6697617454487
Cutting,Cutting_Machine1,128.14570617989656,setup,127.94481380547569
Cutting,Cutting_Machine1,128.26470588235003,idle,128.14570617989656
Cutting,Cutting_Machine1,129.3380581162189,running,128.26470588235003
Cutting,Cutting_Machine1,130.5685529779802,idle,129.3380581162189
Cutting,Cutting_Machine1,130.50138955670928,calendar_off,130.00138955670917
Cutting,Cutting_Machine1,130.5032475490168,calendar_off,130.0032475490167
Cutting,Cutting_Machine1,130.59999999999687,waiting_worker,130.5685529779802
Cutting,Cutting_Machine1,131.95348522444982,setup,130.59999999999687
Cutting,Cutting_Machine1,132.16219654230252,running,131.95348522444982
Cutting,Cutting_Machine1,132.6214298072117,idle,132.16219654230252
Cutting,Cutting_Machine1,132.63324427874704,setup,132.6214298072117
Cutting,Cutting_Machine1,132.69999999999675,waiting_worker,132.63324427874704
Cutting,Cutting_Machine1,133.67128350479038,setup,132.69999999999675
Cutting,Cutting_Machine1,134.01196427566063,idle,133.67128350479038
Cutting,Cutting_Machine1,134.09999999999667,waiting_worker,134.01196427566063
Cutting,Cutting_Machine1,134.54707580330634,setup,134.09999999999667
Cutting,Cutting_Machine1,134.59999999999664,waiting_worker,134.54707580330634
Cutting,Cutting_Machine1,135.28249641319618,setup,134.59999999999664
Cutting,Cutting_Machine1,135.72765065588067,running,135.28249641319618
Cutting,Cutting_Machine1,135.79999999999657,waiting_worker,135.72765065588067
Cutting,Cutting_Machine1,136.00025083510306,running,135.79999999999657
Cutting,Cutting_Machine1,136.30260087750324,idle,136.00025083510306
Cutting,Cutting_Machine1,136.43463796477158,waiting_worker,136.30260087750324
Cutting,Cutting_Machine1,136.81552257644285,running,136.43463796477158
Cutting,Cutting_Machine1,136.8999999999965,waiting_worker,136.81552257644285
Cutting,Cutting_Machine1,137.3035001554837,running,136.8999999999965
Cutting,Cutting_Machine1,137.59999999999647,waiting_worker,137.3035001554837
Cutting,Cutting_Machine1,139.0606197242877,running,137.59999999999647
Cutting,Cutting_Machine1,138.50130463143836,calendar_off,138.00130463143824
Cutting,Cutting_Machine1,138.50150682986296,calendar_off,138.00150682986285
Cutting,Cutting_Machine1,138.5018229166633,calendar_off,138.00182291666317
Cutting,Cutting_Machine1,138.50204073495516,calendar_off,138.00204073495505
Cutting,Cutting_Machine1,138.50260416666325,calendar_off,138.00260416666313
Cutting,Cutting_Machine1,138.5026041666633,calendar_off,138.0026041666632
Cutting,Cutting_Machine1,138.50338541666335,calendar_off,138.00338541666324
Cutting,Cutting_Machine1,139.09999999999638,waiting_worker,139.0606197242877
Cutting,Cutting_Machine1,139.88168149247795,setup,139.09999999999638
Cutting,Cutting_Machine1,139.89999999999634,waiting_worker,139.88168149247795
Cutting,Cutting_Machine1,140.27377803510953,running,139.89999999999634
Cutting,Cutting_Machine1,140.29999999999632,waiting_worker,140.27377803510953
Cutting,Cutting_Machine1,140.6321707519254,setup,140.29999999999632
Cutting,Cutting_Machine1,140.6435368691515,waiting_worker,140.6321707519254
Cutting,Cutting_Machine1,140.6999999999963,setup,140.6435368691515
Cutting,Cutting_Machine1,141.02558439449734,running,140.6999999999963
Cutting,Cutting_Machine1,141.05648427141605,setup,141.02558439449734
Cutting,Cutting_Machine1,141.09999999999627,waiting_worker,141.05648427141605
Cutting,Cutting_Machine1,141.43100233099872,setup,141.09999999999627
Cutting,Cutting_Machine1,141.59167018965877,running,141.43100233099872
Cutting,Cutting_Machine1,141.71496317040067,setup,141.59167018965877
Cutting,Cutting_Machine1,174.26177843428982,idle,141.71496317040067
Cutting,Cutting_Machine1,174.00104166667023,calendar_off,142.00104166666296
Cutting,Cutting_Machine1,174.00157524767266,calendar_off,142.0015752476654
Cutting,Cutting_Machine1,174.00182291667028,calendar_off,142.001822916663
Cutting,Cutting_Machine1,174.00208333333723,calendar_off,142.00208333332995
Cutting,Cutting_Machine1,174.0020868563327,calendar_off,142.00208685632543
Cutting,Cutting_Machine1,174.00240731117128,calendar_off,142.002407311164
Cutting,Cutting_Machine1,174.0026041666702,calendar_off,142.00260416666293
Cutting,Cutting_Machine1,174.0027979957075,calendar_off,142.00279799570023
Cutting,Cutting_Machine1,174.00286458333719,calendar_off,142.0028645833299
Cutting,Cutting_Machine1,174.00338541667026,calendar_off,142.00338541666298
Cutting,Cutting_Machine1,174.63499377335353,setup,174.26177843428982
Cutting,Cutting_Machine1,174.74711561169664,running,174.63499377335353
Cutting,Cutting_Machine1,175.33029607062167,idle,174.74711561169664
Cutting,Cutting_Machine1,175.60584697628153,setup,175.33029607062167
Cutting,Cutting_Machine1,175.85286905786188,running,175.60584697628153
Cutting,Cutting_Machine1,175.8999999999943,waiting_worker,175.85286905786188
Cutting,Cutting_Machine1,175.97879585429115,setup,175.8999999999943
Cutting,Cutting_Machine1,176.01591118968327,idle,175.97879585429115
Cutting,Cutting_Machine1,176.09999999999428,waiting_worker,176.01591118968327
Cutting,Cutting_Machine1,177.25150036479704,setup,176.09999999999428
Cutting,Cutting_Machine1,177.68072466352345,idle,177.25150036479704
Cutting,Cutting_Machine1,177.79836500321738,setup,177.68072466352345
Cutting,Cutting_Machine1,178.67065198957047,idle,177.79836500321738
Cutting,Cutting_Machine1,178.5006386429483,calendar_off,178.0006386429482
Cutting,Cutting_Machine1,178.50129758019023,calendar_off,178.0012975801901
Cutting,Cutting_Machine1,178.50169875391595,calendar_off,178.00169875391583
Cutting,Cutting_Machine1,178.50182291666107,calendar_off,178.00182291666096
Cutting,Cutting_Machine1,178.5024416900203,calendar_off,178.0024416900202
Cutting,Cutting_Machine1,178.50260416666106,calendar_off,178.00260416666094
Cutting,Cutting_Machine1,178.78858332886674,idle,178.67065198957047
Cutting,Cutting_Machine1,178.79999999999413,waiting_worker,178.78858332886674
Cutting,Cutting_Machine1,178.81740531828612,setup,178.79999999999413
Cutting,Cutting_Machine1,178.82900449507298,running,178.81740531828612
Cutting,Cutting_Machine1,179.1174825174769,setup,178.82900449507298
Cutting,Cutting_Machine1,179.5500914726627,running,179.1174825174769
Cutting,Cutting_Machine1,180.39597021702463,setup,179.5500914726627
Cutting,Cutting_Machine1,180.39999999999404,waiting_worker,180.39597021702463
Cutting,Cutting_Machine1,180.71419161775012,setup,180.39999999999404
Cutting,Cutting_Machine1,181.08934817169524,idle,180.71419161775012
Cutting,Cutting_Machine1,181.78057952483326,running,181.08934817169524
Cutting,Cutting_Machine1,181.7989790628054,waiting_worker,181.78057952483326
Cutting,Cutting_Machine1,181.79999999999396,idle,181.7989790628054
Cutting,Cutting_Machine1,182.01645515691598,setup,181.79999999999396
Cutting,Cutting_Machine1,182.0590117817985,idle,182.01645515691598
Cutting,Cutting_Machine1,182.09999999999394,waiting_worker,182.0590117817985
Cutting,Cutting_Machine1,183.65860899363898,running,182.09999999999394
Cutting,Cutting_Machine1,184.70633622200475,setup,183.65860899363898
Cutting,Cutting_Machine1,184.7999999999938,waiting_worker,184.70633622200475
Cutting,Cutting_Machine1,184.88616388508427,running,184.7999999999938
Cutting,Cutting_Machine1,185.00229918216135,setup,184.88616388508427
Cutting,Cutting_Machine1,185.09999999999377,waiting_worker,185.00229918216135
Cutting,Cutting_Machine1,185.67921995402116,setup,185.09999999999377
Cutting,Cutting_Machine1,185.89002022892507,idle,185.67921995402116
Cutting,Cutting_Machine1,186.67793582296625,setup,185.89002022892507
Cutting,Cutting_Machine1,186.50260416666055,calendar_off,186.00260416666043
Cutting,Cutting_Machine1,186.50260416666072,calendar_off,186.0026041666606
Cutting,Cutting_Machine1,186.50338541666056,calendar_off,186.00338541666045
Cutting,Cutting_Machine1,186.50356189559184,calendar_off,186.00356189559173
Cutting,Cutting_Machine1,186.50361180175105,calendar_off,186.00361180175094
Cutting,Cutting_Machine1,186.50396878399027,calendar_off,186.00396878399016
Cutting,Cutting_Machine1,187.30102444862013,setup,186.67793582296625
Cutting,Cutting_Machine1,187.516827438766,idle,187.30102444862013
Cutting,Cutting_Machine1,188.09445676274333,setup,187.516827438766
Cutting,Cutting_Machine1,188.11658582326334,running,188.09445676274333
Cutting,Cutting_Machine1,198.0762542032782,idle,188.11658582326334
Cutting,Cutting_Machine1,198.00096717941182,calendar_off,190.00096717941
Cutting,Cutting_Machine1,198.09999999999303,waiting_worker,198.0762542032782
Cutting,Cutting_Machine1,200,running,198.09999999999303
Painting,Painting_Machine1,15.99999999999996,waiting_worker,15.93872985278403
Painting,Painting_Machine1,16.194794883483887,setup,15.99999999999996
Painting,Painting_Machine1,16.19999999999996,waiting_worker,16.194794883483887
Painting,Painting_Machine1,16.669483265947324,setup,16.19999999999996
Painting,Painting_Machine1,16.699999999999967,waiting_worker,16.669483265947324
Painting,Painting_Machine1,16.799999999999958,setup,16.699999999999967
Painting,Painting_Machine1,16.81701882580461,running,16.799999999999958
Painting,Painting_Machine1,16.89999999999997,waiting_worker,16.81701882580461
Painting,Painting_Machine1,17.167832115429423,setup,16.89999999999997
Painting,Painting_Machine1,17.199999999999974,waiting_worker,17.167832115429423
Painting,Painting_Machine1,17.260432236883936,setup,17.199999999999974
Painting,Painting_Machine1,17.299999999999976,waiting_worker,17.260432236883936
Painting,Painting_Machine1,17.583343846622917,running,17.299999999999976
Painting,Painting_Machine1,17.59999999999998,waiting_worker,17.583343846622917
Painting,Painting_Machine1,17.601111534794974,running,17.59999999999998
Painting,Painting_Machine1,17.69999999999998,waiting_worker,17.601111534794974
Painting,Painting_Machine1,17.72279670904131,running,17.69999999999998
Painting,Painting_Machine1,17.79999999999996,waiting_worker,17.72279670904131
Painting,Painting_Machine1,17.799999999999983,running,17.79999999999996
Painting,Painting_Machine1,17.944213073730204,setup,17.799999999999983
Painting,Painting_Machine1,17.999999999999986,waiting_worker,17.944213073730204
Painting,Painting_Machine1,18.516071428571404,setup,17.999999999999986
Painting,Painting_Machine1,18.50104166666664,calendar_off,18.001041666666634
Painting,Painting_Machine1,18.501041666666648,calendar_off,18.00104166666664
Painting,Painting_Machine1,18.501041666666648,calendar_off,18.00104166666664
Painting,Painting_Machine1,18.501041666666655,calendar_off,18.001041666666648
Painting,Painting_Machine1,18.501041666666655,calendar_off,18.001041666666648
Painting,Painting_Machine1,18.502604166666654,calendar_off,18.002604166666647
Painting,Painting_Machine1,18.502604166666654,calendar_off,18.002604166666647
Painting,Painting_Machine1,18.50338541666663,calendar_off,18.003385416666625
Painting,Painting_Machine1,18.503385416666635,calendar_off,18.003385416666628
Painting,Painting_Machine1,18.50338541666665,calendar_off,18.003385416666642
Painting,Painting_Machine1,18.503385416666656,calendar_off,18.00338541666665
Painting,Painting_Machine1,18.503385416666656,calendar_off,18.00338541666665
Painting,Painting_Machine1,18.503385416666656,calendar_off,18.00338541666665
Painting,Painting_Machine1,18.503915550595217,calendar_off,18.00391555059521
Painting,Painting_Machine1,18.50416666666666,calendar_off,18.004166666666652
Painting,Painting_Machine1,18.777361260815074,running,18.516071428571404
Painting,Painting_Machine1,18.799999999999997,waiting_worker,18.777361260815074
Painting,Painting_Machine1,18.8231546578976,setup,18.799999999999997
Painting,Painting_Machine1,18.9,waiting_worker,18.8231546578976
Painting,Painting_Machine1,19.06292608122619,setup,18.9
Painting,Painting_Machine1,19.1,waiting_worker,19.06292608122619
Painting,Painting_Machine1,19.131883726682226,setup,19.1
Painting,Painting_Machine1,19.19999999999998,waiting_worker,19.131883726682226
Painting,Painting_Machine1,19.200000000000003,running,19.19999999999998
Painting,Painting_Machine1,19.240816326530588,setup,19.200000000000003
Painting,Painting_Machine1,21.480274918118585,running,19.240816326530588
Painting,Painting_Machine1,30.649851984306306,setup,21.480274918118585
Painting,Painting_Machine1,30.00061320594936,calendar_off,22.000613205949247
Painting,Painting_Machine1,30.00104166666676,calendar_off,22.001041666666648
Painting,Painting_Machine1,30.001041666666783,calendar_off,22.00104166666667
Painting,Painting_Machine1,30.001302083333428,calendar_off,22.001302083333314
Painting,Painting_Machine1,30.001302083333435,calendar_off,22.00130208333332
Painting,Painting_Machine1,30.001302083333435,calendar_off,22.00130208333332
Painting,Painting_Machine1,30.001980744949606,calendar_off,22.001980744949492
Painting,Painting_Machine1,30.001980744949606,calendar_off,22.001980744949492
Painting,Painting_Machine1,30.002031132364117,calendar_off,22.002031132364003
Painting,Painting_Machine1,30.002031132364117,calendar_off,22.002031132364003
Painting,Painting_Machine1,30.002031132364117,calendar_off,22.002031132364003
Painting,Painting_Machine1,30.0027173347487,calendar_off,22.002717334748585
Painting,Painting_Machine1,30.002795493197368,calendar_off,22.002795493197254
Painting,Painting_Machine1,30.00281238236412,calendar_off,22.002812382364006
Painting,Painting_Machine1,30.002864583333434,calendar_off,22.00286458333332
Painting,Painting_Machine1,30.002864583333434,calendar_off,22.00286458333332
Painting,Painting_Machine1,30.00306298082826,calendar_off,22.003062980828147
Painting,Painting_Machine1,30.00309199880781,calendar_off,22.003091998807697
Painting,Painting_Machine1,30.00364583333343,calendar_off,22.003645833333316
Painting,Painting_Machine1,30.003972834785365,calendar_off,22.00397283478525
Painting,Painting_Machine1,31.229379327921713,idle,30.649851984306306
Painting,Painting_Machine1,32.195093202747294,setup,31.229379327921713
Painting,Painting_Machine1,32.23201308006886,idle,32.195093202747294
Painting,Painting_Machine1,32.96699576276421,setup,32.23201308006886
Painting,Painting_Machine1,32.99532876896285,idle,32.96699576276421
Painting,Painting_Machine1,33.24816998407429,setup,32.99532876896285
Painting,Painting_Machine1,33.505611528469665,idle,33.24816998407429
Painting,Painting_Machine1,33.88807392025208,setup,33.505611528469665
Painting,Painting_Machine1,34.53698123489852,idle,33.88807392025208
Painting,Painting_Machine1,34.500760620843586,calendar_off,34.000760620843614
Painting,Painting_Machine1,34.501051484979605,calendar_off,34.001051484979634
Painting,Painting_Machine1,34.50130208333342,calendar_off,34.00130208333345
Painting,Painting_Machine1,34.50190172467831,calendar_off,34.00190172467834
Painting,Painting_Machine1,34.501965695136306,calendar_off,34.001965695136334
Painting,Painting_Machine1,34.501972253071905,calendar_off,34.00197225307193
Painting,Painting_Machine1,34.50230413602889,calendar_off,34.00230413602892
Painting,Painting_Machine1,34.502498417700565,calendar_off,34.00249841770059
Painting,Painting_Machine1,34.50255488762324,calendar_off,34.00255488762327
Painting,Painting_Machine1,34.50297775141534,calendar_off,34.002977751415365
Painting,Painting_Machine1,34.50335241547445,calendar_off,34.00335241547448
Painting,Painting_Machine1,34.50340168562949,calendar_off,34.00340168562952
Painting,Painting_Machine1,34.50402701128436,calendar_off,34.004027011284386
Painting,Painting_Machine1,35.0189889517176,idle,34.53698123489852
Painting,Painting_Machine1,35.07120353322051,setup,35.0189889517176
Painting,Painting_Machine1,35.48044787878246,idle,35.07120353322051
Painting,Painting_Machine1,35.655164778926846,setup,35.48044787878246
Painting,Painting_Machine1,35.76531304529421,idle,35.655164778926846
Painting,Painting_Machine1,36.66521719506114,setup,35.76531304529421
Painting,Painting_Machine1,42.58544934567436,idle,36.66521719506114
Painting,Painting_Machine1,42.600000000000335,waiting_worker,42.58544934567436
Painting,Painting_Machine1,42.77123725368894,setup,42.600000000000335
Painting,Painting_Machine1,42.80000000000034,waiting_worker,42.77123725368894
Painting,Painting_Machine1,43.76281684943318,setup,42.80000000000034
Painting,Painting_Machine1,43.80000000000035,waiting_worker,43.76281684943318
Painting,Painting_Machine1,44.80729649789468,running,43.80000000000035
Painting,Painting_Machine1,44.90000000000037,waiting_worker,44.80729649789468
Painting,Painting_Machine1,45.287525168303475,running,44.90000000000037
Painting,Painting_Machine1,45.300000000000374,waiting_worker,45.287525168303475
Painting,Painting_Machine1,45.637364986994506,running,45.300000000000374
Painting,Painting_Machine1,45.70000000000038,waiting_worker,45.637364986994506
Painting,Painting_Machine1,45.81348498634355,setup,45.70000000000038
Painting,Painting_Machine1,45.90000000000038,waiting_worker,45.81348498634355
Painting,Painting_Machine1,54.39201271848915,setup,45.90000000000038
Painting,Painting_Machine1,54.000434027777665,calendar_off,46.00043402777812
Painting,Painting_Machine1,54.001041666666595,calendar_off,46.00104166666705
Painting,Painting_Machine1,54.00182291666658,calendar_off,46.00182291666704
Painting,Painting_Machine1,54.0018229166666,calendar_off,46.00182291666705
Painting,Painting_Machine1,54.002861437804505,calendar_off,46.00286143780496
Painting,Painting_Machine1,54.00338541666657,calendar_off,46.00338541666702
Painting,Painting_Machine1,54.00338541666659,calendar_off,46.003385416667044
Painting,Painting_Machine1,54.4000000000005,waiting_worker,54.39201271848915
Painting,Painting_Machine1,54.58005696714346,running,54.4000000000005
Painting,Painting_Machine1,54.600000000000506,waiting_worker,54.58005696714346
Painting,Painting_Machine1,54.906902909205584,running,54.600000000000506
Painting,Painting_Machine1,55.00000000000051,waiting_worker,54.906902909205584
Painting,Painting_Machine1,55.133430017382544,setup,55.00000000000051
Painting,Painting_Machine1,55.200000000000514,waiting_worker,55.133430017382544
Painting,Painting_Machine1,55.258089102804135,setup,55.200000000000514
Painting,Painting_Machine1,55.300000000000516,waiting_worker,55.258089102804135
Painting,Painting_Machine1,55.65532622717081,setup,55.300000000000516
Painting,Painting_Machine1,55.96151205492566,running,55.65532622717081
Painting,Painting_Machine1,55.98092485549126,waiting_worker,55.96151205492566
Painting,Painting_Machine1,56.109026255295284,running,55.98092485549126
Painting,Painting_Machine1,56.30000000000053,waiting_worker,56.109026255295284
Painting,Painting_Machine1,56.53928571428623,setup,56.30000000000053
Painting,Painting_Machine1,56.63473442071719,running,56.53928571428623
Painting,Painting_Machine1,56.80000000000054,waiting_worker,56.63473442071719
Painting,Painting_Machine1,56.81398877685581,running,56.80000000000054
Painting,Painting_Machine1,56.91808191808243,waiting_worker,56.81398877685581
Painting,Painting_Machine1,56.935225709008705,running,56.91808191808243
Painting,Painting_Machine1,57.00000000000054,setup,56.935225709008705
Painting,Painting_Machine1,57.03164854708023,running,57.00000000000054
Painting,Painting_Machine1,57.194736842105776,setup,57.03164854708023
Painting,Painting_Machine1,57.75774089949813,running,57.194736842105776
Painting,Painting_Machine1,57.97832167832221,setup,57.75774089949813
Painting,Painting_Machine1,58.504412771679654,running,57.97832167832221
Painting,Painting_Machine1,58.50026041666717,calendar_off,58.000260416667196
Painting,Painting_Machine1,58.50026041666718,calendar_off,58.00026041666721
Painting,Painting_Machine1,58.50028781629798,calendar_off,58.000287816298005
Painting,Painting_Machine1,58.50037358474907,calendar_off,58.0003735847491
Painting,Painting_Machine1,58.50048363095287,calendar_off,58.0004836309529
Painting,Painting_Machine1,58.50065896374687,calendar_off,58.0006589637469
Painting,Painting_Machine1,58.5007165221579,calendar_off,58.00071652215793
Painting,Painting_Machine1,58.50189237567535,calendar_off,58.001892375675375
Painting,Painting_Machine1,58.50201959498885,calendar_off,58.00201959498888
Painting,Painting_Machine1,58.50205364011637,calendar_off,58.0020536401164
Painting,Painting_Machine1,58.502083333333225,calendar_off,58.00208333333325
Painting,Painting_Machine1,58.50324289383745,calendar_off,58.00324289383748
Painting,Painting_Machine1,58.50338541666718,calendar_off,58.00338541666721
Painting,Painting_Machine1,58.50359100877242,calendar_off,58.003591008772446
Painting,Painting_Machine1,58.50364583333321,calendar_off,58.00364583333324
Painting,Painting_Machine1,58.50364583333323,calendar_off,58.00364583333326
Painting,Painting_Machine1,58.50409506616477,calendar_off,58.0040950661648
Painting,Painting_Machine1,58.91905985338306,setup,58.504412771679654
Painting,Painting_Machine1,59.186136072312195,idle,58.91905985338306
Painting,Painting_Machine1,59.21896624333864,setup,59.186136072312195
Painting,Painting_Machine1,59.28154752200866,waiting_worker,59.21896624333864
Painting,Painting_Machine1,59.30000000000057,idle,59.28154752200866
Painting,Painting_Machine1,59.414354750708505,setup,59.30000000000057
Painting,Painting_Machine1,59.818356576416456,idle,59.414354750708505
Painting,Painting_Machine1,59.96032128483321,setup,59.818356576416456
Painting,Painting_Machine1,60.00000000000058,waiting_worker,59.96032128483321
Painting,Painting_Machine1,60.78109322632518,setup,60.00000000000058
Painting,Painting_Machine1,60.800000000000594,waiting_worker,60.78109322632518
Painting,Painting_Machine1,60.95426783316568,setup,60.800000000000594
Painting,Painting_Machine1,61.242501942502514,idle,60.95426783316568
Painting,Painting_Machine1,61.39341992420844,running,61.242501942502514
Painting,Painting_Machine1,61.643003046931625,setup,61.39341992420844
Painting,Painting_Machine1,62.37498350705956,idle,61.643003046931625
Painting,Painting_Machine1,62.468082365915095,running,62.37498350705956
Painting,Painting_Machine1,62.51795512237069,idle,62.468082365915095
Painting,Painting_Machine1,63.34065040650466,setup,62.51795512237069
Painting,Painting_Machine1,63.646243175838556,running,63.34065040650466
Painting,Painting_Machine1,63.90550469324985,setup,63.646243175838556
Painting,Painting_Machine1,65.30011466833078,idle,63.90550469324985
Painting,Painting_Machine1,65.34271563254627,setup,65.30011466833078
Painting,Painting_Machine1,67.19796256673666,idle,65.34271563254627
Painting,Painting_Machine1,66.50057485916915,calendar_off,66.00057485916918
Painting,Painting_Machine1,66.5010670731713,calendar_off,66.00106707317133
Painting,Painting_Machine1,66.50350008499741,calendar_off,66.00350008499744
Painting,Painting_Machine1,66.5041501737262,calendar_off,66.00415017372623
Painting,Painting_Machine1,67.50556835624046,setup,67.19796256673666
Painting,Painting_Machine1,78.55489214862989,idle,67.50556835624046
Painting,Painting_Machine1,78.00050434039241,calendar_off,70.00050434039287
Painting,Painting_Machine1,78.00132748983751,calendar_off,70.00132748983796
Painting,Painting_Machine1,80.41405106492545,setup,78.55489214862989
Painting,Painting_Machine1,81.59884353617849,idle,80.41405106492545
Painting,Painting_Machine1,81.59999999999964,waiting_worker,81.59884353617849
Painting,Painting_Machine1,81.88110356837522,setup,81.59999999999964
Painting,Painting_Machine1,81.89999999999962,waiting_worker,81.88110356837522
Painting,Painting_Machine1,82.66771070684376,setup,81.89999999999962
Painting,Painting_Machine1,82.50182291666626,calendar_off,82.00182291666628
Painting,Painting_Machine1,82.50260416666627,calendar_off,82.0026041666663
Painting,Painting_Machine1,82.50262733734235,calendar_off,82.00262733734237
Painting,Painting_Machine1,82.69999999999958,waiting_worker,82.66771070684376
Painting,Painting_Machine1,82.72738070453912,setup,82.69999999999958
Painting,Painting_Machine1,82.79999999999957,waiting_worker,82.72738070453912
Painting,Painting_Machine1,83.23031924894202,setup,82.79999999999957
Painting,Painting_Machine1,83.96093906093866,idle,83.23031924894202
Painting,Painting_Machine1,85.09022923441431,running,83.96093906093866
Painting,Painting_Machine1,85.09999999999944,waiting_worker,85.09022923441431
Painting,Painting_Machine1,85.61943560030433,running,85.09999999999944
Painting,Painting_Machine1,85.6999999999994,waiting_worker,85.61943560030433
Painting,Painting_Machine1,86.73846157171502,running,85.6999999999994
Painting,Painting_Machine1,86.79999999999934,waiting_worker,86.73846157171502
Painting,Painting_Machine1,87.63673037393926,setup,86.79999999999934
Painting,Painting_Machine1,87.69999999999929,waiting_worker,87.63673037393926
Painting,Painting_Machine1,87.74619185889198,setup,87.69999999999929
Painting,Painting_Machine1,87.79999999999929,waiting_worker,87.74619185889198
Painting,Painting_Machine1,88.15098039215627,setup,87.79999999999929
Painting,Painting_Machine1,88.15304244026551,running,88.15098039215627
Painting,Painting_Machine1,88.5595307917882,setup,88.15304244026551
Painting,Painting_Machine1,88.66268781893562,running,88.5595307917882
Painting,Painting_Machine1,88.69999999999924,waiting_worker,88.66268781893562
Painting,Painting_Machine1,88.88527027176454,running,88.69999999999924
Painting,Painting_Machine1,88.89999999999922,waiting_worker,88.88527027176454
Painting,Painting_Machine1,88.9482463267391,running,88.89999999999922
Painting,Painting_Machine1,88.99999999999922,waiting_worker,88.9482463267391
Painting,Painting_Machine1,89.30236972550306,running,88.99999999999922
Painting,Painting_Machine1,89.46848786916239,idle,89.30236972550306
Painting,Painting_Machine1,89.47790687052327,waiting_worker,89.46848786916239
Painting,Painting_Machine1,89.49999999999919,setup,89.47790687052327
Painting,Painting_Machine1,89.59927732470014,running,89.49999999999919
Painting,Painting_Machine1,89.71808191808121,idle,89.59927732470014
Painting,Painting_Machine1,89.8005535836934,running,89.71808191808121
Painting,Painting_Machine1,89.8851124511089,setup,89.8005535836934
Painting,Painting_Machine1,89.89999999999917,waiting_worker,89.8851124511089
Painting,Painting_Machine1,90.95231424810525,running,89.89999999999917
Painting,Painting_Machine1,90.50040204678288,calendar_off,90.00040204678291
Painting,Painting_Machine1,90.50104166666587,calendar_off,90.0010416666659
Painting,Painting_Machine1,90.50104166666587,calendar_off,90.0010416666659
Painting,Painting_Machine1,90.50104166666604,calendar_off,90.00104166666607
Painting,Painting_Machine1,90.50119745845484,calendar_off,90.00119745845487
Painting,Painting_Machine1,90.5016047871899,calendar_off,90.00160478718993
Painting,Painting_Machine1,90.5018229166658,calendar_off,90.00182291666583
Painting,Painting_Machine1,90.50182291666586,calendar_off,90.00182291666589
Painting,Painting_Machine1,90.50204073495794,calendar_off,90.00204073495797
Painting,Painting_Machine1,90.5028033088229,calendar_off,90.00280330882293
Painting,Painting_Machine1,90.50349858474785,calendar_off,90.00349858474787
Painting,Painting_Machine1,90.50393900036003,calendar_off,90.00393900036006
Painting,Painting_Machine1,90.50416666666582,calendar_off,90.00416666666585
Painting,Painting_Machine1,90.50416666666585,calendar_off,90.00416666666588
Painting,Painting_Machine1,90.9999999999991,waiting_worker,90.95231424810525
Painting,Painting_Machine1,91.15710723307012,running,90.9999999999991
Painting,Painting_Machine1,91.54021381537594,idle,91.15710723307012
Painting,Painting_Machine1,91.61528338880922,setup,91.54021381537594
Painting,Painting_Machine1,91.66791800903584,waiting_worker,91.61528338880922
Painting,Painting_Machine1,91.69999999999906,idle,91.66791800903584
Painting,Painting_Machine1,93.75451308039901,setup,91.69999999999906
Painting,Painting_Machine1,102.50521498672192,running,93.75451308039901
Painting,Painting_Machine1,102.00052083333203,calendar_off,94.00052083333249
Painting,Painting_Machine1,102.00052083333206,calendar_off,94.00052083333252
Painting,Painting_Machine1,102.00066246344909,calendar_off,94.00066246344954
Painting,Painting_Machine1,102.00086724706522,calendar_off,94.00086724706567
Painting,Painting_Machine1,102.00130208333208,calendar_off,94.00130208333253
Painting,Painting_Machine1,102.00130208333208,calendar_off,94.00130208333253
Painting,Painting_Machine1,102.00141173204214,calendar_off,94.0014117320426
Painting,Painting_Machine1,102.00145787512105,calendar_off,94.0014578751215
Painting,Painting_Machine1,102.00182234365643,calendar_off,94.00182234365688
Painting,Painting_Machine1,102.00208333333201,calendar_off,94.00208333333246
Painting,Painting_Machine1,102.00208333333207,calendar_off,94.00208333333252
Painting,Painting_Machine1,102.00306372548911,calendar_off,94.00306372548957
Painting,Painting_Machine1,102.00375900141405,calendar_off,94.00375900141451
Painting,Painting_Machine1,102.00416666666531,calendar_off,94.00416666666577
Painting,Painting_Machine1,102.58933700124732,setup,102.50521498672192
Painting,Painting_Machine1,103.35560383306799,idle,102.58933700124732
Painting,Painting_Machine1,104.25097574917295,setup,103.35560383306799
Painting,Painting_Machine1,104.49731148275733,idle,104.25097574917295
Painting,Painting_Machine1,104.77658779166046,setup,104.49731148275733
Painting,Painting_Machine1,104.99048360903201,idle,104.77658779166046
Painting,Painting_Machine1,104.99999999999831,waiting_worker,104.99048360903201
Painting,Painting_Machine1,105.15737240279572,setup,104.99999999999831
Painting,Painting_Machine1,107.00309802447181,idle,105.15737240279572
Painting,Painting_Machine1,106.50112766373185,calendar_off,106.00112766373188
Painting,Painting_Machine1,106.5011397619725,calendar_off,106.00113976197252
Painting,Painting_Machine1,106.50117418392082,calendar_off,106.00117418392085
Painting,Painting_Machine1,106.50291892214133,calendar_off,106.00291892214136
Painting,Painting_Machine1,106.50416666666494,calendar_off,106.00416666666497
Painting,Painting_Machine1,107.36799501867823,idle,107.00309802447181
Painting,Painting_Machine1,107.89854106012851,running,107.36799501867823
Painting,Painting_Machine1,108.13844786105066,idle,107.89854106012851
Painting,Painting_Machine1,108.93647659635883,setup,108.13844786105066
Painting,Painting_Machine1,108.99999999999808,waiting_worker,108.93647659635883
Painting,Painting_Machine1,110.36373891899726,setup,108.99999999999808
Painting,Painting_Machine1,110.61073825503163,idle,110.36373891899726
Painting,Painting_Machine1,110.88642043042394,running,110.61073825503163
Painting,Painting_Machine1,110.89999999999797,waiting_worker,110.88642043042394
Painting,Painting_Machine1,112.87887814751784,running,110.89999999999797
Painting,Painting_Machine1,112.89999999999786,waiting_worker,112.87887814751784
Painting,Painting_Machine1,113.41675422045927,running,112.89999999999786
Painting,Painting_Machine1,115.73236505175059,setup,113.41675422045927
Painting,Painting_Machine1,114.50162367169827,calendar_off,114.0016236716983
Painting,Painting_Machine1,114.5018229166645,calendar_off,114.00182291666452
Painting,Painting_Machine1,114.50182291666461,calendar_off,114.00182291666464
Painting,Painting_Machine1,114.5029521371259,calendar_off,114.00295213712593
Painting,Painting_Machine1,115.7941906325275,setup,115.73236505175059
Painting,Painting_Machine1,116.31830813865305,idle,115.7941906325275
Painting,Painting_Machine1,116.39999999999766,waiting_worker,116.31830813865305
Painting,Painting_Machine1,116.47971494104935,running,116.39999999999766
Painting,Painting_Machine1,116.49999999999766,waiting_worker,116.47971494104935
Painting,Painting_Machine1,116.65331279437189,setup,116.49999999999766
Painting,Painting_Machine1,116.69999999999764,waiting_worker,116.65331279437189
Painting,Painting_Machine1,116.77596747483555,setup,116.69999999999764
Painting,Painting_Machine1,116.79999999999764,waiting_worker,116.77596747483555
Painting,Painting_Machine1,117.0219361659392,running,116.79999999999764
Painting,Painting_Machine1,117.09999999999762,waiting_worker,117.0219361659392
Painting,Painting_Machine1,117.16625701922338,setup,117.09999999999762
Painting,Painting_Machine1,117.19999999999762,waiting_worker,117.16625701922338
Painting,Painting_Machine1,117.45194801379053,setup,117.19999999999762
Painting,Painting_Machine1,117.4999999999976,waiting_worker,117.45194801379053
Painting,Painting_Machine1,117.59202601173719,running,117.4999999999976
Painting,Painting_Machine1,117.60171792193428,idle,117.59202601173719
Painting,Painting_Machine1,117.69999999999759,waiting_worker,117.60171792193428
Painting,Painting_Machine1,126.40105176947769,setup,117.69999999999759
Painting,Painting_Machine1,126.0010416666638,calendar_off,118.00104166666425
Painting,Painting_Machine1,126.00104166666382,calendar_off,118.00104166666428
Painting,Painting_Machine1,126.00104166666385,calendar_off,118.0010416666643
Painting,Painting_Machine1,126.00142107803993,calendar_off,118.00142107804038
Painting,Painting_Machine1,126.00182291666387,calendar_off,118.00182291666432
Painting,Painting_Machine1,126.0020833333307,calendar_off,118.00208333333116
Painting,Painting_Machine1,126.00260416666383,calendar_off,118.00260416666428
Painting,Painting_Machine1,126.00338541666385,calendar_off,118.0033854166643
Painting,Painting_Machine1,126.0041666666638,calendar_off,118.00416666666426
Painting,Painting_Machine1,126.00416666666386,calendar_off,118.00416666666432
Painting,Painting_Machine1,126.57312687312407,idle,126.40105176947769
Painting,Painting_Machine1,126.68354608182601,running,126.57312687312407
Painting,Painting_Machine1,126.6842804122317,setup,126.68354608182601
Painting,Painting_Machine1,126.69999999999708,waiting_worker,126.6842804122317
Painting,Painting_Machine1,127.00258751902304,setup,126.69999999999708
Painting,Painting_Machine1,127.6697617454487,running,127.00258751902304
Painting,Painting_Machine1,127.69999999999702,waiting_worker,127.6697617454487
Painting,Painting_Machine1,127.88456375838642,setup,127.69999999999702
Painting,Painting_Machine1,128.14570617989656,running,127.88456375838642
Painting,Painting_Machine1,128.199999999997,waiting_worker,128.14570617989656
Painting,Painting_Machine1,128.9313702925976,running,128.199999999997
Painting,Painting_Machine1,129.15449963500146,setup,128.9313702925976
Painting,Painting_Machine1,129.2229044834278,idle,129.15449963500146
Painting,Painting_Machine1,129.3380581162189,running,129.2229044834278
Painting,Painting_Machine1,129.39999999999694,waiting_worker,129.3380581162189
Painting,Painting_Machine1,130.55015475505002,running,129.39999999999694
Painting,Painting_Machine1,130.5005086500946,calendar_off,130.00050865009447
Painting,Painting_Machine1,130.5005208333306,calendar_off,130.00052083333048
Painting,Painting_Machine1,130.50104166666378,calendar_off,130.00104166666367
Painting,Painting_Machine1,130.50148222094361,calendar_off,130.0014822209435
Painting,Painting_Machine1,130.5018229166637,calendar_off,130.0018229166636
Painting,Painting_Machine1,130.50182291666385,calendar_off,130.00182291666374
Painting,Painting_Machine1,130.50194320926437,calendar_off,130.00194320926425
Painting,Painting_Machine1,130.5020116750532,calendar_off,130.0020116750531
Painting,Painting_Machine1,130.5021179341465,calendar_off,130.00211793414638
Painting,Painting_Machine1,130.50284793568983,calendar_off,130.00284793568972
Painting,Painting_Machine1,130.50307478979084,calendar_off,130.00307478979073
Painting,Painting_Machine1,130.5036191043472,calendar_off,130.00361910434708
Painting,Painting_Machine1,131.10751920005995,setup,130.55015475505002
Painting,Painting_Machine1,131.8294100266676,idle,131.10751920005995
Painting,Painting_Machine1,132.58473774971884,setup,131.8294100266676
Painting,Painting_Machine1,132.59999999999675,waiting_worker,132.58473774971884
Painting,Painting_Machine1,132.63324427874704,setup,132.59999999999675
Painting,Painting_Machine1,132.8115335071955,idle,132.63324427874704
Painting,Painting_Machine1,132.89999999999674,waiting_worker,132.8115335071955
Painting,Painting_Machine1,133.25793600107582,setup,132.89999999999674
Painting,Painting_Machine1,133.53893519255072,idle,133.25793600107582
Painting,Painting_Machine1,133.5999999999967,waiting_worker,133.53893519255072
Painting,Painting_Machine1,134.01196427566063,setup,133.5999999999967
Painting,Painting_Machine1,134.36829516898243,idle,134.01196427566063
Painting,Painting_Machine1,134.54707580330634,setup,134.36829516898243
Painting,Painting_Machine1,134.5538726673665,idle,134.54707580330634
Painting,Painting_Machine1,134.81808191807866,setup,134.5538726673665
Painting,Painting_Machine1,135.72765065588067,running,134.81808191807866
Painting,Painting_Machine1,136.00025083510306,idle,135.72765065588067
Painting,Painting_Machine1,136.0370693719226,waiting_worker,136.00025083510306
Painting,Painting_Machine1,136.2842997382398,setup,136.0370693719226
Painting,Painting_Machine1,136.29999999999654,waiting_worker,136.2842997382398
Painting,Painting_Machine1,136.30260087750324,running,136.29999999999654
Painting,Painting_Machine1,137.1277629001699,idle,136.30260087750324
Painting,Painting_Machine1,137.3035001554837,setup,137.1277629001699
Painting,Painting_Machine1,137.96150409530557,idle,137.3035001554837
Painting,Painting_Machine1,138.90374449022408,running,137.96150409530557
Painting,Painting_Machine1,138.50066164275555,calendar_off,138.00066164275543
Painting,Painting_Machine1,138.50082701197235,calendar_off,138.00082701197223
Painting,Painting_Machine1,138.50193608474544,calendar_off,138.00193608474532
Painting,Painting_Machine1,138.50217353858937,calendar_off,138.00217353858926
Painting,Painting_Machine1,138.50227995153168,calendar_off,138.00227995153156
Painting,Painting_Machine1,138.50280975876873,calendar_off,138.00280975876862
Painting,Painting_Machine1,138.50302331683667,calendar_off,138.00302331683656
Painting,Painting_Machine1,138.50338541666332,calendar_off,138.0033854166632
Painting,Painting_Machine1,141.2287799682676,idle,138.90374449022408
Painting,Painting_Machine1,174.52623402040365,setup,141.2287799682676
Painting,Painting_Machine1,174.00092205942948,calendar_off,142.0009220594222
Painting,Painting_Machine1,174.0010874286463,calendar_off,142.001087428639
Painting,Painting_Machine1,174.00247788494153,calendar_off,142.00247788493425
Painting,Painting_Machine1,174.00364583333726,calendar_off,142.00364583332998
Painting,Painting_Machine1,174.0036493986996,calendar_off,142.00364939869232
Painting,Painting_Machine1,174.57007026306977,idle,174.52623402040365
Painting,Painting_Machine1,174.58117492169737,waiting_worker,174.57007026306977
Painting,Painting_Machine1,175.85286905786188,setup,174.58117492169737
Painting,Painting_Machine1,175.9262459580547,idle,175.85286905786188
Painting,Painting_Machine1,175.9392857142801,setup,175.9262459580547
Painting,Painting_Machine1,176.01591118968327,running,175.9392857142801
Painting,Painting_Machine1,176.292754910068,idle,176.01591118968327
Painting,Painting_Machine1,176.29999999999427,waiting_worker,176.292754910068
Painting,Painting_Machine1,176.47862348806618,running,176.29999999999427
Painting,Painting_Machine1,178.78858332886674,idle,176.47862348806618
Painting,Painting_Machine1,178.50072512472147,calendar_off,178.00072512472136
Painting,Painting_Machine1,178.50204613094687,calendar_off,178.00204613094675
Painting,Painting_Machine1,178.50338541666105,calendar_off,178.00338541666093
Painting,Painting_Machine1,180.62775408358138,idle,178.78858332886674
Painting,Painting_Machine1,180.71419161775012,setup,180.62775408358138
Painting,Painting_Machine1,180.79999999999401,waiting_worker,180.71419161775012
Painting,Painting_Machine1,181.7989790628054,setup,180.79999999999401
Painting,Painting_Machine1,181.79999999999396,waiting_worker,181.7989790628054
Painting,Painting_Machine1,182.01645515691598,setup,181.79999999999396
Painting,Painting_Machine1,182.0590117817985,waiting_worker,182.01645515691598
Painting,Painting_Machine1,182.09999999999394,idle,182.0590117817985
Painting,Painting_Machine1,182.63306855675805,setup,182.09999999999394
Painting,Painting_Machine1,182.78951663187368,running,182.63306855675805
Painting,Painting_Machine1,182.7999999999939,waiting_worker,182.78951663187368
Painting,Painting_Machine1,183.47112299464635,setup,182.7999999999939
Painting,Painting_Machine1,183.56719708739612,running,183.47112299464635
Painting,Painting_Machine1,183.59999999999386,waiting_worker,183.56719708739612
Painting,Painting_Machine1,184.15165187198127,setup,183.59999999999386
Painting,Painting_Machine1,184.19999999999382,waiting_worker,184.15165187198127
Painting,Painting_Machine1,184.61487168604714,setup,184.19999999999382
Painting,Painting_Machine1,184.6999999999938,waiting_worker,184.61487168604714
Painting,Painting_Machine1,185.00229918216135,setup,184.6999999999938
Painting,Painting_Machine1,185.08466070409847,idle,185.00229918216135
Painting,Painting_Machine1,185.09999999999377,waiting_worker,185.08466070409847
Painting,Painting_Machine1,185.46428038776418,setup,185.09999999999377
Painting,Painting_Machine1,185.49454768048352,running,185.46428038776418
Painting,Painting_Machine1,185.49999999999375,waiting_worker,185.49454768048352
Painting,Painting_Machine1,185.99111438481137,running,185.49999999999375
Painting,Painting_Machine1,185.99999999999372,waiting_worker,185.99111438481137
Painting,Painting_Machine1,186.56191154322315,running,185.99999999999372
Painting,Painting_Machine1,186.50051647342482,calendar_off,186.0005164734247
Painting,Painting_Machine1,186.50104166666057,calendar_off,186.00104166666046
Painting,Painting_Machine1,186.50230955153205,calendar_off,186.00230955153194
Painting,Painting_Machine1,186.50260416666055,calendar_off,186.00260416666043
Painting,Painting_Machine1,186.50263341131313,calendar_off,186.002633411313
Painting,Painting_Machine1,186.5033667264693,calendar_off,186.00336672646918
Painting,Painting_Machine1,186.50360330443095,calendar_off,186.00360330443084
Painting,Painting_Machine1,186.50410425574304,calendar_off,186.00410425574293
Painting,Painting_Machine1,186.5041666666605,calendar_off,186.00416666666038
Painting,Painting_Machine1,186.50416666666052,calendar_off,186.0041666666604
Painting,Painting_Machine1,186.56799501867388,waiting_worker,186.56191154322315
Painting,Painting_Machine1,187.30102444862013,running,186.56799501867388
Painting,Painting_Machine1,187.39999999999364,waiting_worker,187.30102444862013
Painting,Painting_Machine1,187.51514829099003,setup,187.39999999999364
Painting,Painting_Machine1,188.49425580293985,running,187.51514829099003
Painting,Painting_Machine1,188.4970204244999,setup,188.49425580293985
Painting,Painting_Machine1,188.49999999999358,waiting_worker,188.4970204244999
Painting,Painting_Machine1,188.99668520268943,setup,188.49999999999358
Painting,Painting_Machine1,188.99999999999355,waiting_worker,188.99668520268943
Painting,Painting_Machine1,189.41703583013177,setup,188.99999999999355
Painting,Painting_Machine1,189.44574549640606,waiting_worker,189.41703583013177
Painting,Painting_Machine1,189.47917498336025,setup,189.44574549640606
Painting,Painting_Machine1,189.49999999999352,running,189.47917498336025
Painting,Painting_Machine1,196.83562278462358,setup,189.49999999999352
Painting,Painting_Machine1,198.00052083332898,calendar_off,190.00052083332716
Painting,Painting_Machine1,198.000520833329,calendar_off,190.0005208333272
Painting,Painting_Machine1,198.00069341307454,calendar_off,190.00069341307272
Painting,Painting_Machine1,198.001654879669,calendar_off,190.00165487966717
Painting,Painting_Machine1,198.00184918534237,calendar_off,190.00184918534055
Painting,Painting_Machine1,198.0020408044327,calendar_off,190.0020408044309
Painting,Painting_Machine1,198.00260416666217,calendar_off,190.00260416666035
Painting,Painting_Machine1,198.00287290002873,calendar_off,190.00287290002692
Painting,Painting_Machine1,198.00354736962936,calendar_off,190.00354736962754
Painting,Painting_Machine1,198.00362714313778,calendar_off,190.00362714313596
Painting,Painting_Machine1,198.0036899576585,calendar_off,190.0036899576567
Painting,Painting_Machine1,198.00386372109944,calendar_off,190.00386372109762
Painting,Painting_Machine1,198.004166666662,calendar_off,190.00416666666018
Painting,Painting_Machine1,198.00416666666203,calendar_off,190.0041666666602
Painting,Painting_Machine1,198.00416666666206,calendar_off,190.00416666666024
Painting,Painting_Machine1,198.0762542032782,breakdown,196.83562278462358
Painting,Painting_Machine1,198.47368421052172,idle,198.0762542032782
Painting,Painting_Machine1,199.4056998136821,running,198.47368421052172
Painting,Painting_Machine1,199.58159373523878,idle,199.4056998136821
Painting,Painting_Machine1,200,setup,199.58159373523878
Painting,Painting_Machine2,181.18272258946556,breakdown,176.18272258946556
Painting,Painting_Machine2,200,idle,181.18272258946556
Routing,Routing_Machine1,6.099999999999994,waiting_worker,6.0499999999999865
Routing,Routing_Machine1,6.857575757575752,setup,6.099999999999994
Routing,Routing_Machine1,9.671542081973179,running,6.857575757575752
Routing,Routing_Machine1,9.691954054253545,setup,9.671542081973179
Routing,Routing_Machine1,9.699999999999982,waiting_worker,9.691954054253545
Routing,Routing_Machine1,9.804715084315776,setup,9.699999999999982
Routing,Routing_Machine1,9.89999999999998,waiting_worker,9.804715084315776
Routing,Routing_Machine1,9.915140441249665,setup,9.89999999999998
Routing,Routing_Machine1,9.99999999999998,waiting_worker,9.915140441249665
Routing,Routing_Machine1,10.589781939382291,setup,9.99999999999998
Routing,Routing_Machine1,10.501041666666655,calendar_off,10.001041666666648
Routing,Routing_Machine1,10.501822916666654,calendar_off,10.001822916666647
Routing,Routing_Machine1,10.502367424242426,calendar_off,10.002367424242419
Routing,Routing_Machine1,10.502367424242426,calendar_off,10.002367424242419
Routing,Routing_Machine1,10.502367424242426,calendar_off,10.002367424242419
Routing,Routing_Machine1,10.503833748639853,calendar_off,10.003833748639845
Routing,Routing_Machine1,10.504166666666654,calendar_off,10.004166666666647
Routing,Routing_Machine1,10.504166666666654,calendar_off,10.004166666666647
Routing,Routing_Machine1,10.599999999999978,waiting_worker,10.589781939382291
Routing,Routing_Machine1,10.621076411502433,setup,10.599999999999978
Routing,Routing_Machine1,10.699999999999978,waiting_worker,10.621076411502433
Routing,Routing_Machine1,10.73014085253956,setup,10.699999999999978
Routing,Routing_Machine1,10.799999999999978,waiting_worker,10.73014085253956
Routing,Routing_Machine1,10.94353365124718,setup,10.799999999999978
Routing,Routing_Machine1,10.999999999999977,waiting_worker,10.94353365124718
Routing,Routing_Machine1,11.034796393041463,setup,10.999999999999977
Routing,Routing_Machine1,11.04575678014846,idle,11.034796393041463
Routing,Routing_Machine1,11.099999999999977,waiting_worker,11.04575678014846
Routing,Routing_Machine1,11.106265597611735,setup,11.099999999999977
Routing,Routing_Machine1,11.199999999999976,waiting_worker,11.106265597611735
Routing,Routing_Machine1,11.588888888888878,setup,11.199999999999976
Routing,Routing_Machine1,11.694128836150588,running,11.588888888888878
Routing,Routing_Machine1,11.949460892649812,setup,11.694128836150588
Routing,Routing_Machine1,12.114285714285701,idle,11.949460892649812
Routing,Routing_Machine1,12.629100327824025,running,12.114285714285701
Routing,Routing_Machine1,12.704278074866286,idle,12.629100327824025
Routing,Routing_Machine1,14.959907555999271,running,12.704278074866286
Routing,Routing_Machine1,15.93872985278403,setup,14.959907555999271
Routing,Routing_Machine1,16.06779417512062,idle,15.93872985278403
Routing,Routing_Machine1,17.167832115429423,setup,16.06779417512062
Routing,Routing_Machine1,18.777361260815074,idle,17.167832115429423
Routing,Routing_Machine1,18.50119647129407,calendar_off,18.00119647129406
Routing,Routing_Machine1,18.501454111871137,calendar_off,18.00145411187113
Routing,Routing_Machine1,18.502561593492107,calendar_off,18.0025615934921
Routing,Routing_Machine1,18.503599497758042,calendar_off,18.003599497758035
Routing,Routing_Machine1,18.503916608591826,calendar_off,18.00391660859182
Routing,Routing_Machine1,30.649851984306306,idle,18.777361260815074
Routing,Routing_Machine1,30.700000000000166,waiting_worker,30.649851984306306
Routing,Routing_Machine1,31.836363636363803,setup,30.700000000000166
Routing,Routing_Machine1,32.195093202747294,running,31.836363636363803
Routing,Routing_Machine1,32.20000000000019,waiting_worker,32.195093202747294
Routing,Routing_Machine1,32.96699576276421,running,32.20000000000019
Routing,Routing_Machine1,33.0000000000002,waiting_worker,32.96699576276421
Routing,Routing_Machine1,33.24816998407429,running,33.0000000000002
Routing,Routing_Machine1,33.3000000000002,waiting_worker,33.24816998407429
Routing,Routing_Machine1,34.636842680943815,running,33.3000000000002
Routing,Routing_Machine1,34.50026041666684,calendar_off,34.00026041666687
Routing,Routing_Machine1,34.50068655303044,calendar_off,34.00068655303047
Routing,Routing_Machine1,34.50104166666683,calendar_off,34.00104166666686
Routing,Routing_Machine1,34.503385416666845,calendar_off,34.00338541666687
Routing,Routing_Machine1,34.70000000000022,waiting_worker,34.636842680943815
Routing,Routing_Machine1,34.833593686511506,running,34.70000000000022
Routing,Routing_Machine1,34.900000000000226,waiting_worker,34.833593686511506
Routing,Routing_Machine1,35.07120353322051,running,34.900000000000226
Routing,Routing_Machine1,35.10000000000023,waiting_worker,35.07120353322051
Routing,Routing_Machine1,35.22915589307081,running,35.10000000000023
Routing,Routing_Machine1,36.083497433698376,setup,35.22915589307081
Routing,Routing_Machine1,36.10000000000024,waiting_worker,36.083497433698376
Routing,Routing_Machine1,36.705188442827954,setup,36.10000000000024
Routing,Routing_Machine1,37.153996163045036,idle,36.705188442827954
Routing,Routing_Machine1,37.85808720112542,setup,37.153996163045036
Routing,Routing_Machine1,38.03668326003035,running,37.85808720112542
Routing,Routing_Machine1,38.10000000000027,waiting_worker,38.03668326003035
Routing,Routing_Machine1,38.123711347243066,running,38.10000000000027
Routing,Routing_Machine1,38.55722375500142,idle,38.123711347243066
Routing,Routing_Machine1,38.60000000000028,waiting_worker,38.55722375500142
Routing,Routing_Machine1,38.88164688318951,running,38.60000000000028
Routing,Routing_Machine1,38.90000000000028,waiting_worker,38.88164688318951
Routing,Routing_Machine1,39.11990134851339,running,38.90000000000028
Routing,Routing_Machine1,39.158209800207466,waiting_worker,39.11990134851339
Routing,Routing_Machine1,39.16136511742528,setup,39.158209800207466
Routing,Routing_Machine1,39.20000000000029,waiting_worker,39.16136511742528
Routing,Routing_Machine1,39.74173878836772,running,39.20000000000029
Routing,Routing_Machine1,39.86807535378969,setup,39.74173878836772
Routing,Routing_Machine1,39.9000000000003,waiting_worker,39.86807535378969
Routing,Routing_Machine1,39.94544692734624,running,39.9000000000003
Routing,Routing_Machine1,40.571350562456395,setup,39.94544692734624
Routing,Routing_Machine1,40.60000000000031,waiting_worker,40.571350562456395
Routing,Routing_Machine1,40.6531818624754,running,40.60000000000031
Routing,Routing_Machine1,41.04634325612228,idle,40.6531818624754
Routing,Routing_Machine1,41.100000000000314,waiting_worker,41.04634325612228
Routing,Routing_Machine1,41.44596651384354,running,41.100000000000314
Routing,Routing_Machine1,41.971481948818706,idle,41.44596651384354
Routing,Routing_Machine1,42.54256116596494,setup,41.971481948818706
Routing,Routing_Machine1,42.50104166666693,calendar_off,42.00104166666696
Routing,Routing_Machine1,42.50104166666693,calendar_off,42.00104166666696
Routing,Routing_Machine1,42.50104166666693,calendar_off,42.00104166666696
Routing,Routing_Machine1,42.501822916666924,calendar_off,42.00182291666695
Routing,Routing_Machine1,42.50182291666694,calendar_off,42.00182291666697
Routing,Routing_Machine1,42.50260416666691,calendar_off,42.00260416666694
Routing,Routing_Machine1,42.50260416666692,calendar_off,42.00260416666695
Routing,Routing_Machine1,42.50260416666695,calendar_off,42.00260416666698
Routing,Routing_Machine1,42.502604166666956,calendar_off,42.002604166666984
Routing,Routing_Machine1,42.50299236548535,calendar_off,42.002992365485376
Routing,Routing_Machine1,42.600000000000335,waiting_worker,42.54256116596494
Routing,Routing_Machine1,43.2260065278598,running,42.600000000000335
Routing,Routing_Machine1,43.300000000000345,waiting_worker,43.2260065278598
Routing,Routing_Machine1,43.76281684943318,running,43.300000000000345
Routing,Routing_Machine1,43.854759203039464,idle,43.76281684943318
Routing,Routing_Machine1,44.08570552894418,setup,43.854759203039464
Routing,Routing_Machine1,44.10000000000036,waiting_worker,44.08570552894418
Routing,Routing_Machine1,44.91378223530346,running,44.10000000000036
Routing,Routing_Machine1,45.637364986994506,setup,44.91378223530346
Routing,Routing_Machine1,45.92791142937076,idle,45.637364986994506
Routing,Routing_Machine1,54.58005696714346,setup,45.92791142937076
Routing,Routing_Machine1,54.002390596036975,calendar_off,46.00239059603743
Routing,Routing_Machine1,54.00260416666655,calendar_off,46.002604166667005
Routing,Routing_Machine1,54.00260416666657,calendar_off,46.00260416666703
Routing,Routing_Machine1,54.002864583333164,calendar_off,46.00286458333362
Routing,Routing_Machine1,54.00286458333317,calendar_off,46.002864583333626
Routing,Routing_Machine1,54.00338541666656,calendar_off,46.003385416667015
Routing,Routing_Machine1,54.00362039492261,calendar_off,46.00362039492307
Routing,Routing_Machine1,54.00370852047986,calendar_off,46.003708520480316
Routing,Routing_Machine1,54.00388640196967,calendar_off,46.00388640197013
Routing,Routing_Machine1,54.004103301025985,calendar_off,46.00410330102644
Routing,Routing_Machine1,54.61086389098744,idle,54.58005696714346
Routing,Routing_Machine1,54.906902909205584,setup,54.61086389098744
Routing,Routing_Machine1,55.2334000167876,idle,54.906902909205584
Routing,Routing_Machine1,55.258089102804135,setup,55.2334000167876
Routing,Routing_Machine1,56.692267896387776,idle,55.258089102804135
Routing,Routing_Machine1,56.81398877685581,setup,56.692267896387776
Routing,Routing_Machine1,57.143786714461974,idle,56.81398877685581
Routing,Routing_Machine1,58.91905985338306,setup,57.143786714461974
Routing,Routing_Machine1,58.50112206305442,calendar_off,58.001122063054446
Routing,Routing_Machine1,58.50237038906283,calendar_off,58.00237038906286
Routing,Routing_Machine1,58.503422131128616,calendar_off,58.003422131128644
Routing,Routing_Machine1,59.21896624333864,waiting_worker,58.91905985338306
Routing,Routing_Machine1,59.28154752200866,idle,59.21896624333864
Routing,Routing_Machine1,59.30000000000057,waiting_worker,59.28154752200866
Routing,Routing_Machine1,59.414354750708505,setup,59.30000000000057
Routing,Routing_Machine1,59.500000000000576,waiting_worker,59.414354750708505
Routing,Routing_Machine1,59.59842401745969,setup,59.500000000000576
Routing,Routing_Machine1,59.60000000000058,waiting_worker,59.59842401745969
Routing,Routing_Machine1,59.96032128483321,setup,59.60000000000058
Routing,Routing_Machine1,60.91875161875219,idle,59.96032128483321
Routing,Routing_Machine1,61.643003046931625,running,60.91875161875219
Routing,Routing_Machine1,61.70000000000061,waiting_worker,61.643003046931625
Routing,Routing_Machine1,64.63528300185072,running,61.70000000000061
Routing,Routing_Machine1,64.7000000000006,waiting_worker,64.63528300185072
Routing,Routing_Machine1,65.71439595769169,running,64.7000000000006
Routing,Routing_Machine1,66.67659940264393,setup,65.71439595769169
Routing,Routing_Machine1,66.5003595911972,calendar_off,66.00035959119722
Routing,Routing_Machine1,66.50104166666723,calendar_off,66.00104166666726
Routing,Routing_Machine1,66.50104166666725,calendar_off,66.00104166666728
Routing,Routing_Machine1,66.50104328541883,calendar_off,66.00104328541886
Routing,Routing_Machine1,66.50363747786095,calendar_off,66.00363747786098
Routing,Routing_Machine1,66.50371887435833,calendar_off,66.00371887435836
Routing,Routing_Machine1,67.4310910136252,setup,66.67659940264393
Routing,Routing_Machine1,67.53987240743302,idle,67.4310910136252
Routing,Routing_Machine1,68.06886611212971,setup,67.53987240743302
Routing,Routing_Machine1,69.21742199021334,idle,68.06886611212971
Routing,Routing_Machine1,69.30000000000034,waiting_worker,69.21742199021334
Routing,Routing_Machine1,69.34933924487311,setup,69.30000000000034
Routing,Routing_Machine1,69.50000000000033,waiting_worker,69.34933924487311
Routing,Routing_Machine1,69.52925257721947,running,69.50000000000033
Routing,Routing_Machine1,69.62343728689218,waiting_worker,69.52925257721947
Routing,Routing_Machine1,69.70000000000032,idle,69.62343728689218
Routing,Routing_Machine1,69.9843913438367,setup,69.70000000000032
Routing,Routing_Machine1,78.28924564184385,idle,69.9843913438367
Routing,Routing_Machine1,78.00026041666653,calendar_off,70.00026041666699
Routing,Routing_Machine1,78.00104166666652,calendar_off,70.00104166666698
Routing,Routing_Machine1,78.00130208333344,calendar_off,70.0013020833339
Routing,Routing_Machine1,78.00338541666655,calendar_off,70.003385416667
Routing,Routing_Machine1,79.00122511751124,setup,78.28924564184385
Routing,Routing_Machine1,79.09999999999978,waiting_worker,79.00122511751124
Routing,Routing_Machine1,79.20718372536543,setup,79.09999999999978
Routing,Routing_Machine1,79.59528860231403,running,79.20718372536543
Routing,Routing_Machine1,79.59999999999975,waiting_worker,79.59528860231403
Routing,Routing_Machine1,79.98440729745973,running,79.59999999999975
Routing,Routing_Machine1,79.99999999999973,waiting_worker,79.98440729745973
Routing,Routing_Machine1,80.32066515040015,running,79.99999999999973
Routing,Routing_Machine1,80.39999999999971,waiting_worker,80.32066515040015
Routing,Routing_Machine1,80.50618351696163,running,80.39999999999971
Routing,Routing_Machine1,80.76598663856059,idle,80.50618351696163
Routing,Routing_Machine1,80.79999999999968,waiting_worker,80.76598663856059
Routing,Routing_Machine1,80.97716983555628,running,80.79999999999968
Routing,Routing_Machine1,80.99999999999967,waiting_worker,80.97716983555628
Routing,Routing_Machine1,81.19002619484536,running,80.99999999999967
Routing,Routing_Machine1,81.19999999999966,waiting_worker,81.19002619484536
Routing,Routing_Machine1,81.49312986952897,running,81.19999999999966
Routing,Routing_Machine1,81.49999999999964,waiting_worker,81.49312986952897
Routing,Routing_Machine1,82.54019646996684,running,81.49999999999964
Routing,Routing_Machine1,82.50041289203206,calendar_off,82.00041289203209
Routing,Routing_Machine1,82.5010416666663,calendar_off,82.00104166666632
Routing,Routing_Machine1,82.50182291666634,calendar_off,82.00182291666637
Routing,Routing_Machine1,82.50213735916844,calendar_off,82.00213735916847
Routing,Routing_Machine1,82.50241361788594,calendar_off,82.00241361788596
Routing,Routing_Machine1,82.50260416666639,calendar_off,82.00260416666642
Routing,Routing_Machine1,82.50312912330843,calendar_off,82.00312912330845
Routing,Routing_Machine1,82.50338541666632,calendar_off,82.00338541666635
Routing,Routing_Machine1,82.50416666666628,calendar_off,82.00416666666631
Routing,Routing_Machine1,82.50416666666631,calendar_off,82.00416666666634
Routing,Routing_Machine1,82.50416666666636,calendar_off,82.00416666666639
Routing,Routing_Machine1,82.70980808746502,setup,82.54019646996684
Routing,Routing_Machine1,82.79999999999957,waiting_worker,82.70980808746502
Routing,Routing_Machine1,83.23031924894202,running,82.79999999999957
Routing,Routing_Machine1,83.29999999999954,waiting_worker,83.23031924894202
Routing,Routing_Machine1,84.62478904218858,setup,83.29999999999954
Routing,Routing_Machine1,84.72777692536661,idle,84.62478904218858
Routing,Routing_Machine1,85.37871396895741,setup,84.72777692536661
Routing,Routing_Machine1,85.61943560030433,running,85.37871396895741
Routing,Routing_Machine1,86.04868298209553,idle,85.61943560030433
Routing,Routing_Machine1,86.73846157171502,setup,86.04868298209553
Routing,Routing_Machine1,86.9298518406258,idle,86.73846157171502
Routing,Routing_Machine1,87.63673037393926,setup,86.9298518406258
Routing,Routing_Machine1,87.87182195836645,idle,87.63673037393926
Routing,Routing_Machine1,88.1531547117574,setup,87.87182195836645
Routing,Routing_Machine1,88.19999999999926,waiting_worker,88.1531547117574
Routing,Routing_Machine1,88.66268781893562,setup,88.19999999999926
Routing,Routing_Machine1,89.30236972550306,idle,88.66268781893562
Routing,Routing_Machine1,89.3999999999992,waiting_worker,89.30236972550306
Routing,Routing_Machine1,89.46848786916239,running,89.3999999999992
Routing,Routing_Machine1,90.69778024417238,idle,89.46848786916239
Routing,Routing_Machine1,90.50067581822432,calendar_off,90.00067581822435
Routing,Routing_Machine1,90.50182291666583,calendar_off,90.00182291666586
Routing,Routing_Machine1,90.50186557353369,calendar_off,90.00186557353372
Routing,Routing_Machine1,90.50397438562405,calendar_off,90.00397438562408
Routing,Routing_Machine1,90.95231424810525,running,90.69778024417238
Routing,Routing_Machine1,91.66791800903584,idle,90.95231424810525
Routing,Routing_Machine1,91.69999999999906,waiting_worker,91.66791800903584
Routing,Routing_Machine1,93.31875161875068,setup,91.69999999999906
Routing,Routing_Machine1,93.74246896343571,running,93.31875161875068
Routing,Routing_Machine1,102.58933700124732,setup,93.74246896343571
Routing,Routing_Machine1,102.00054188010192,calendar_off,94.00054188010238
Routing,Routing_Machine1,102.00208333333204,calendar_off,94.0020833333325
Routing,Routing_Machine1,102.00260578541689,calendar_off,94.00260578541734
Routing,Routing_Machine1,102.00272816083859,calendar_off,94.00272816083904
Routing,Routing_Machine1,102.59999999999845,waiting_worker,102.58933700124732
Routing,Routing_Machine1,102.73635381202364,running,102.59999999999845
Routing,Routing_Machine1,102.79999999999843,waiting_worker,102.73635381202364
Routing,Routing_Machine1,103.21919489631917,running,102.79999999999843
Routing,Routing_Machine1,104.25097574917295,setup,103.21919489631917
Routing,Routing_Machine1,104.29999999999835,waiting_worker,104.25097574917295
Routing,Routing_Machine1,104.3233710491813,running,104.29999999999835
Routing,Routing_Machine1,105.15737240279572,idle,104.3233710491813
Routing,Routing_Machine1,105.1999999999983,waiting_worker,105.15737240279572
Routing,Routing_Machine1,105.22269575507707,running,105.1999999999983
Routing,Routing_Machine1,105.26773874303453,idle,105.22269575507707
Routing,Routing_Machine1,105.28783883574097,waiting_worker,105.26773874303453
Routing,Routing_Machine1,105.59573698057429,setup,105.28783883574097
Routing,Routing_Machine1,105.59999999999827,waiting_worker,105.59573698057429
Routing,Routing_Machine1,107.40183732348288,running,105.59999999999827
Routing,Routing_Machine1,106.50104166666493,calendar_off,106.00104166666496
Routing,Routing_Machine1,106.50260416666491,calendar_off,106.00260416666494
Routing,Routing_Machine1,106.50260416666508,calendar_off,106.00260416666511
Routing,Routing_Machine1,106.5029430024076,calendar_off,106.00294300240763
Routing,Routing_Machine1,106.50338541666493,calendar_off,106.00338541666495
Routing,Routing_Machine1,106.50338541666498,calendar_off,106.00338541666501
Routing,Routing_Machine1,106.50338541666507,calendar_off,106.0033854166651
Routing,Routing_Machine1,107.89854106012851,idle,107.40183732348288
Routing,Routing_Machine1,107.89999999999814,waiting_worker,107.89854106012851
Routing,Routing_Machine1,108.19130586693926,running,107.89999999999814
Routing,Routing_Machine1,108.19999999999813,waiting_worker,108.19130586693926
Routing,Routing_Machine1,108.7710840536779,running,108.19999999999813
Routing,Routing_Machine1,109.62170635303926,setup,108.7710840536779
Routing,Routing_Machine1,109.69999999999804,waiting_worker,109.62170635303926
Routing,Routing_Machine1,110.33017267249407,running,109.69999999999804
Routing,Routing_Machine1,110.34721269021841,waiting_worker,110.33017267249407
Routing,Routing_Machine1,110.36373891899726,setup,110.34721269021841
Routing,Routing_Machine1,110.399999999998,waiting_worker,110.36373891899726
Routing,Routing_Machine1,110.82919353960172,setup,110.399999999998
Routing,Routing_Machine1,111.33338778220099,idle,110.82919353960172
Routing,Routing_Machine1,111.92532031726462,setup,111.33338778220099
Routing,Routing_Machine1,112.14510716417814,running,111.92532031726462
Routing,Routing_Machine1,112.50292322604473,idle,112.14510716417814
Routing,Routing_Machine1,113.00170621336464,setup,112.50292322604473
Routing,Routing_Machine1,113.97359771943215,idle,113.00170621336464
Routing,Routing_Machine1,114.93496640267536,setup,113.97359771943215
Routing,Routing_Machine1,114.50104166666468,calendar_off,114.0010416666647
Routing,Routing_Machine1,114.50104166666468,calendar_off,114.0010416666647
Routing,Routing_Machine1,114.50120188609878,calendar_off,114.00120188609881
Routing,Routing_Machine1,114.50182291666464,calendar_off,114.00182291666466
Routing,Routing_Machine1,114.50318364271136,calendar_off,114.00318364271139
Routing,Routing_Machine1,114.50370573393126,calendar_off,114.00370573393128
Routing,Routing_Machine1,114.50406576157684,calendar_off,114.00406576157687
Routing,Routing_Machine1,115.09504495806131,setup,114.93496640267536
Routing,Routing_Machine1,115.36203756209885,idle,115.09504495806131
Routing,Routing_Machine1,115.63536131206075,setup,115.36203756209885
Routing,Routing_Machine1,115.6999999999977,waiting_worker,115.63536131206075
Routing,Routing_Machine1,115.7941906325275,setup,115.6999999999977
Routing,Routing_Machine1,115.7999999999977,waiting_worker,115.7941906325275
Routing,Routing_Machine1,115.94643637008713,running,115.7999999999977
Routing,Routing_Machine1,116.08553379871358,setup,115.94643637008713
Routing,Routing_Machine1,116.09999999999768,waiting_worker,116.08553379871358
Routing,Routing_Machine1,116.32435784012876,setup,116.09999999999768
Routing,Routing_Machine1,116.39999999999766,waiting_worker,116.32435784012876
Routing,Routing_Machine1,116.47971494104935,setup,116.39999999999766
Routing,Routing_Machine1,117.78092485548903,idle,116.47971494104935
Routing,Routing_Machine1,126.00718372536276,running,117.78092485548903
Routing,Routing_Machine1,126.00182291666387,calendar_off,118.00182291666432
Routing,Routing_Machine1,126.0033854166639,calendar_off,118.00338541666436
Routing,Routing_Machine1,126.00384152215524,calendar_off,118.0038415221557
Routing,Routing_Machine1,126.00384152215524,calendar_off,118.0038415221557
Routing,Routing_Machine1,126.00398240490293,calendar_off,118.00398240490338
Routing,Routing_Machine1,127.82120463259875,running,126.00718372536276
Routing,Routing_Machine1,129.15449963500146,setup,127.82120463259875
Routing,Routing_Machine1,129.19999999999695,waiting_worker,129.15449963500146
Routing,Routing_Machine1,130.5685529779802,setup,129.19999999999695
Routing,Routing_Machine1,130.50104166666372,calendar_off,130.0010416666636
Routing,Routing_Machine1,130.50315292250838,calendar_off,130.00315292250826
Routing,Routing_Machine1,130.50353789202956,calendar_off,130.00353789202944
Routing,Routing_Machine1,130.50380823952838,calendar_off,130.00380823952827
Routing,Routing_Machine1,130.50410193882203,calendar_off,130.00410193882192
Routing,Routing_Machine1,130.50410193882203,calendar_off,130.00410193882192
Routing,Routing_Machine1,131.10751920005995,idle,130.5685529779802
Routing,Routing_Machine1,131.19999999999683,waiting_worker,131.10751920005995
Routing,Routing_Machine1,131.71396348012595,setup,131.19999999999683
Routing,Routing_Machine1,132.16219654230252,running,131.71396348012595
Routing,Routing_Machine1,132.19999999999678,waiting_worker,132.16219654230252
Routing,Routing_Machine1,132.58473774971884,setup,132.19999999999678
Routing,Routing_Machine1,133.12554557124201,idle,132.58473774971884
Routing,Routing_Machine1,133.25793600107582,running,133.12554557124201
Routing,Routing_Machine1,133.29999999999671,waiting_worker,133.25793600107582
Routing,Routing_Machine1,133.53893519255072,running,133.29999999999671
Routing,Routing_Machine1,133.67128350479038,idle,133.53893519255072
Routing,Routing_Machine1,133.68220292363137,waiting_worker,133.67128350479038
Routing,Routing_Machine1,134.49943791517308,setup,133.68220292363137
Routing,Routing_Machine1,136.1374474420079,running,134.49943791517308
Routing,Routing_Machine1,136.2174825174792,setup,136.1374474420079
Routing,Routing_Machine1,136.2842997382398,running,136.2174825174792
Routing,Routing_Machine1,138.90374449022408,idle,136.2842997382398
Routing,Routing_Machine1,138.5008059879088,calendar_off,138.00080598790868
Routing,Routing_Machine1,138.50098910867467,calendar_off,138.00098910867456
Routing,Routing_Machine1,138.50289918414597,calendar_off,138.00289918414586
Routing,Routing_Machine1,138.5033854166635,calendar_off,138.00338541666338
Routing,Routing_Machine1,138.50360458183985,calendar_off,138.00360458183974
Routing,Routing_Machine1,139.0606197242877,waiting_worker,138.90374449022408
Routing,Routing_Machine1,139.09999999999638,idle,139.0606197242877
Routing,Routing_Machine1,140.27377803510953,setup,139.09999999999638
Routing,Routing_Machine1,141.43100233099872,idle,140.27377803510953
Routing,Routing_Machine1,141.71496317040067,running,141.43100233099872
Routing,Routing_Machine1,141.79999999999623,waiting_worker,141.71496317040067
Routing,Routing_Machine1,141.99562228981034,setup,141.79999999999623
Routing,Routing_Machine1,141.99999999999622,waiting_worker,141.99562228981034
Routing,Routing_Machine1,159.77923028419562,setup,141.99999999999622
Routing,Routing_Machine1,174.00157524767266,calendar_off,142.0015752476654
Routing,Routing_Machine1,174.00166586001524,calendar_off,142.00166586000796
Routing,Routing_Machine1,174.0031596008199,calendar_off,142.00315960081264
Routing,Routing_Machine1,174.00338541667017,calendar_off,142.0033854166629
Routing,Routing_Machine1,174.00416666667016,calendar_off,142.00416666666288
Routing,Routing_Machine1,165.77923028419562,breakdown,159.77923028419562
Routing,Routing_Machine1,174.33668108063577,idle,165.77923028419562
Routing,Routing_Machine1,174.52623402040365,setup,174.33668108063577
Routing,Routing_Machine1,174.57007026306977,waiting_worker,174.52623402040365
Routing,Routing_Machine1,174.59999999999437,idle,174.57007026306977
Routing,Routing_Machine1,174.74711561169664,running,174.59999999999437
Routing,Routing_Machine1,174.79999999999436,waiting_worker,174.74711561169664
Routing,Routing_Machine1,175.00975717402605,setup,174.79999999999436
Routing,Routing_Machine1,175.09999999999434,waiting_worker,175.00975717402605
Routing,Routing_Machine1,175.327457645098,setup,175.09999999999434
Routing,Routing_Machine1,175.39999999999432,waiting_worker,175.327457645098
Routing,Routing_Machine1,175.74250194250544,setup,175.39999999999432
Routing,Routing_Machine1,175.97879585429115,running,175.74250194250544
Routing,Routing_Machine1,175.9999999999943,waiting_worker,175.97879585429115
Routing,Routing_Machine1,176.292754910068,running,175.9999999999943
Routing,Routing_Machine1,176.47862348806618,idle,176.292754910068
Routing,Routing_Machine1,176.49999999999426,waiting_worker,176.47862348806618
Routing,Routing_Machine1,176.54327092900385,setup,176.49999999999426
Routing,Routing_Machine1,177.25150036479704,running,176.54327092900385
Routing,Routing_Machine1,177.2999999999942,waiting_worker,177.25150036479704
Routing,Routing_Machine1,177.79836500321738,running,177.2999999999942
Routing,Routing_Machine1,177.79999999999418,waiting_worker,177.79836500321738
Routing,Routing_Machine1,178.58931977113232,running,177.79999999999418
Routing,Routing_Machine1,178.50056259567063,calendar_off,178.00056259567052
Routing,Routing_Machine1,178.50057485916307,calendar_off,178.00057485916295
Routing,Routing_Machine1,178.50057485917222,calendar_off,178.0005748591721
Routing,Routing_Machine1,178.50183566433944,calendar_off,178.00183566433932
Routing,Routing_Machine1,178.50260416666114,calendar_off,178.00260416666103
Routing,Routing_Machine1,178.50328451157304,calendar_off,178.00328451157293
Routing,Routing_Machine1,178.50338541666096,calendar_off,178.00338541666085
Routing,Routing_Machine1,178.503385416661,calendar_off,178.00338541666088
Routing,Routing_Machine1,178.5038082395255,calendar_off,178.0038082395254
Routing,Routing_Machine1,178.50416666666104,calendar_off,178.00416666666092
Routing,Routing_Machine1,178.50416666666106,calendar_off,178.00416666666095
Routing,Routing_Machine1,178.67065198957047,running,178.58931977113232
Routing,Routing_Machine1,178.69999999999413,waiting_worker,178.67065198957047
Routing,Routing_Machine1,180.39597021702463,setup,178.69999999999413
Routing,Routing_Machine1,180.72367748224673,idle,180.39597021702463
Routing,Routing_Machine1,180.85568862274863,setup,180.72367748224673
Routing,Routing_Machine1,181.78057952483326,running,180.85568862274863
Routing,Routing_Machine1,182.06132203188557,idle,181.78057952483326
Routing,Routing_Machine1,182.78951663187368,setup,182.06132203188557
Routing,Routing_Machine1,183.0992561065341,idle,182.78951663187368
Routing,Routing_Machine1,183.56719708739612,setup,183.0992561065341
Routing,Routing_Machine1,183.647477034348,idle,183.56719708739612
Routing,Routing_Machine1,184.15165187198127,setup,183.647477034348
Routing,Routing_Machine1,185.67921995402116,idle,184.15165187198127
Routing,Routing_Machine1,185.69999999999374,waiting_worker,185.67921995402116
Routing,Routing_Machine1,185.74649134472583,running,185.69999999999374
Routing,Routing_Machine1,185.79999999999373,waiting_worker,185.74649134472583
Routing,Routing_Machine1,185.99111438481137,running,185.79999999999373
Routing,Routing_Machine1,186.56191154322315,idle,185.99111438481137
Routing,Routing_Machine1,186.5004802894154,calendar_off,186.0004802894153
Routing,Routing_Machine1,186.5010416666605,calendar_off,186.0010416666604
Routing,Routing_Machine1,186.50146907419077,calendar_off,186.00146907419065
Routing,Routing_Machine1,186.5033854166605,calendar_off,186.0033854166604
Routing,Routing_Machine1,187.13612145960883,idle,186.56191154322315
Routing,Routing_Machine1,188.11658582326334,setup,187.13612145960883
Routing,Routing_Machine1,188.1999999999936,waiting_worker,188.11658582326334
Routing,Routing_Machine1,189.022525856859,running,188.1999999999936
Routing,Routing_Machine1,189.09999999999354,waiting_worker,189.022525856859
Routing,Routing_Machine1,189.41703583013177,running,189.09999999999354
Routing,Routing_Machine1,198.35996156675705,idle,189.41703583013177
Routing,Routing_Machine1,198.00104166666208,calendar_off,190.00104166666026
Routing,Routing_Machine1,198.001302083329,calendar_off,190.00130208332718
Routing,Routing_Machine1,198.00260416666202,calendar_off,190.0026041666602
Routing,Routing_Machine1,198.003645833329,calendar_off,190.00364583332717
Routing,Routing_Machine1,198.399999999993,waiting_worker,198.35996156675705
Routing,Routing_Machine1,199.4056998136821,setup,198.399999999993
Routing,Routing_Machine1,199.49999999999295,waiting_worker,199.4056998136821
Routing,Routing_Machine1,200,setup,199.49999999999295
